cateegory,odia_word,desia_word
ଅ,ଅକଲ୍‌ , ବୁଦ୍ଧି / ସୂରତା 
ଅ,ଅକଲ୍‌ ଗୁଢୁମ୍‌ , ବୁଦ୍ଧି ବାନା
ଅ,ଅଖ , ଇରଷୁ 
ଅ,ଅଗଣା , ଦୁଆର ଠାନ୍‌ 
ଅ,ଅଗ୍ର , ଟିପ୍‌ 
ଅ,ପାହାଡ଼ର ଅଗ୍ର , କୂପଲିଟିପ୍‌
ଅ,ଅଚଳ , ନାଚଳବାଟା 
ଅ,ଅଛନ୍ତି , ଆଚତ୍‌ 
ଅ,ଅଜଣା , ନାଜାନ୍‌ବାଟା 
ଅ,ଅଟକାଇ , ଥେବାଇ 
ଅ,ଅଟା , ଗମ୍ଚୁନା 
ଅ,ଅଟ୍ଟାଳିକା , ମେଡ଼ଘର 
ଅ,ଅଠା , ଚପ୍‌ 
ଅ,ଅଣ ଓସାରିଆ , ଅଳପ୍‌ଓସାର 
ଅ,ଅଣା , ଆନା 
ଅ,ଅତର , ବାସନା ଚିକନ୍‌ 
ଅ,ଅତି ଉଜ୍ଵଳ , ବଡେ ଉଜଲ୍‌ 
ଅ,ଅତିଥି , ଗତିଆ ଲୋକ / ନୂଆଲୋକ 
ଅ,ଅତିପାଖ ,  ଏକବାର ଲଗେ 
ଅ,ଅତି ଦରକାରୀ , ବେଶିଲୋଡା 
ଅ,ଅତ୍ୟନ୍ତ , ବଡ଼େଜବର୍‌ 
ଅ,ଅତ୍ୟାଚାର , ଦଣ୍ଡ 
ଅ,ଅଥଚ , ଏଟାହେଲେ ମିଶା 
ଅ,ଅଦଳ ବଦଳ , ବାଦଲ ଉଦଲ୍‌ 
ଅ,ଅଦାଲତ୍‌ , କରଟ୍‌ବାଟ୍‌ 
ଅ,ଅଧିର , ଥିରନାହିଁ 
ଅ,ଅନାଥ , ଟୂରା 
ଅ,ଅନାଅ , ଦେଖ୍ବାଟା 
ଅ,ଅନ୍ୟ , ଭିନ ଲୋକ 
ଅ,ଅନ୍ୟଦ୍ଵାରା , ଭିନ୍ନଲୋକ୍‌ ଦ୍ଵାରା 
ଅ,ଅନ୍ୟମନସ୍କ , ଏନେ ତେନେ ଭାବଟା 
ଅ,ଅନ୍ୟମାନେ , ଭିନ୍‌ଲୋକ ମନ୍‌ 
ଅ,ଅନ୍ୟୁନ , ଉନାରେ 
ଅ,ଅନୁଭବ , ମନେଚିତାଇବାଟା 
ଅ,ଅନୁଯାୟୀ , ଅନୁସାରେ 
ଅ,ଅନୁରୋଧ , ଖୁସାମତୀ 
ଅ,ଅନୁଷ୍ଠାନ , ଅନୁଷ୍ଠାନ୍ 
ଅ,ଅନୁଷ୍ଠିତ , ହେଇରେଦାଟା 
ଅ,ଅନେଇଥିବା , ଜଗିରେଇସି 
ଅ,ଅନେକ ଗୁଡ଼ିଏ , ଜବର୍‌ 
ଅ,ଅପକାର , ନସାଇବା 
ଅ,ଅପରପାର୍ଶ୍ଵରେ , ଉଲଟାବାଟେ 
ଅ,ଅପରାଧ , ଖରାପ ଧାନ୍ଦା 
ଅ,ଅପରାହ୍ନ , ଆଡ଼ବେଲା 
ଅ,ଅବସ୍ଥିତ , ଆଚେ 
ଅ,ଅବଶିଷ୍ଟ , ଊବର୍‌ଲାଟା 
ଅ,ଅବଶ୍ଯ , ଯେନତି ହେଲେ ମିଶା 
ଅ,ଅଭିଭାବକ , ବୁଆଆୟା 
ଅ,ଅଭ୍ୟାସ , ଅଭିୟାସ୍‌ 
ଅ,ଅମର , ନାମରବାଟା 
ଅ,ଅମ୍ଳ , ଆମଟି 
ଅ,ଅମୃତ , ଅମରୁତ୍‌ 
ଅ,ଅମୃତଭଣ୍ଡା , ଅମୃତମାଣ୍ଡା 
ଅ,ଅମଙ୍ଗ , ରାଜି ନାହେବାଟା 
ଅ,ଅଯଥା , କାଇକାରନ୍‌ନାରେସ 
ଅ,ଅର୍ଥ , ଡାବୁ 
ଅ,ଅରମା , ଅନ୍ତରାକୁଡ଼ା
ଅ,ଅଳନ୍ଧୁ , ଅଲଧୂଆଁ 
ଅ,ଅଳି ଅଝଟ , ଗିଜ୍‌ଗିଜା 
ଅ,ଅଳିଆ , କାଚରା 
ଅ,ଅଳସି , ଅଲଚି 
ଅ,ଅଂଶଗ୍ରହଣ , ମିଶ୍‌ବାଟା
ଅ,ଅଶ୍ଵସ୍ତ , ପିପଲ୍‌ ଗଚ୍‌ 
ଅ,ଅସନା , ଆର୍‌ଲା 
ଅ,ଅସମ୍ଭବ , ନାହେବାଟା 
ଅ,ଅସହଯୋଗ , ସାଇଜ୍‌ ନକର୍‌ବାଟା 
ଅ,ସହାୟତା , ଯାକେ ମିଶା ସାହାଯ୍ୟ 
ଅ,ଅସହ୍ୟ , ଅସମାଲ୍‌ 
ଅ,ଅସାମାଜିକ , ଖରାପ 
ଅ,ଅସୁବିଧା , ହରବର୍‌ 
ଅ,ଅସୁମାରି , ଜବର୍‌ କରି 
ଅ,ଅଙ୍କ , ହିସାବ ଗିଣିବାଟା 
ଅ,ଅଙ୍କନ , ଚିତରବାଟା 
ଅ,ଅଙ୍ଗ , ହାତ୍ଗୋଡ଼ 
ଅ,ଅଙ୍ଗ ପ୍ରତ୍ୟଙ୍ଗ , ଗାଗଡ଼ମୁଣ୍ଡ 
ଅ,ଅଣ୍ଟା , ଆଁଟା 
ଅ,ଅଣ୍ଟି , ଅଣ୍ଟିରେ ରେବା
ଅ,ଅଣ୍ଡାଳିବା , ତାମଣ୍ଡବାଟା 
ଅ,ଅନ୍ତର , ମନର୍‌ ଭିତରେ 
ଅ,ଅର୍ଦ୍ଧରାତ୍ରୀ , ମଜାରାତି 
ଅ,ଅର୍ଦ୍ଧେକରୁ ଅଧିକ , ଗୋଟ୍‌ ଭାରାନୁ ବେଶି 
ଆ,ଆଉ , ଅଉରି 
ଆ,ଆଉଟୁ ପାଉଟୁ , ଉଲଟ୍‌ ପାଲଟ୍‌ 
ଆ,ଆଉଁସୁଥୁବା , ସାଆଁଳି ତେରେବା 
ଆ,ଆକ୍ରମଣ , ମାଣ୍ତିଦେଲାୟ 
ଆ,ଆକ୍କୁଂଡ଼ା , ଆକ୍କଂଡ଼ି 
ଆ,ଆଖି , ଆଁକି 
ଆ,ଆଖୁ , ଡାଣ୍ଡା 
ଆ,ଆଗ , ଆଗତୁ 
ଆ,ଆଗପଛ , ଲେଞ୍ଜମୁଣ୍ଡ 
ଆ,ଆଗ୍ରହ , ମନକେ ଯିବାଟା 
ଆ,ଆଚରଣ , ଚାଲିଚଲଣ୍
ଆ,ଆଛା , ହେଲେ 
ଆ,ଆଜିଠାରୁ , ଆଜିଥାନୁ 
ଆ,ଆଡ଼କୁ , ତାରବାଟେ 
ଆ,ଆଣି , ଆନି 
ଆ,ଆଣିଲେ , ଆନ୍ ଲାୟେ 
ଆ,ଆଦର୍ଶ , ମନ କେ ପାଇଲା 
ଆ,ଆଦାୟ , ରୁଣ୍ଡାଇବାଟା 
ଆ,ଅପାର , ନାପି ନା ହେବା 
ଆ,ଆରୋଗ୍ୟ , ରୋଗ୍‌ ଛାତାୟ ହେବାଟା 
ଆ,ଆଶିଷ୍‌ , ମଙ୍ଗଲ 
ଆ,ଆଶ୍ରୟ , ଠେବ୍‌କା 
ଆ,ଆଶ୍ଚର୍ଯ୍ୟ , ଭକୁଆ 
ଆ,ଆସ , ଆସା 
ଆ,ଆସ୍ତେ ଆସ୍ତେ , ଧୀରେ ଧୀରେ 
ଆ,ଆୟୋଜନ , ଯୋଗାଡ଼ଜାଟି କର୍ବାଟା 
ଇ,ଇଷ , ନାଙ୍ଗଲଦାଣ୍ତି
ଇ,ଇଂରେଜ , ଗୋରା ସାହେବ 
ଇ,ଇଗଲ , ଛଞ୍ଚାଣ 
ଉ,ଉଇ , ଉଲମା 
ଉ,ଉଇଁଲା , ବେଲ୍‌ ଉଦ୍ଲା 
ଉ,ଉଙ୍କୁଣି , ଉକ୍ନି 
ଉ,ଉଚ୍ଚ , ଢେପ୍‌ 
ଉ,ଉଚ୍ଚତା , ଡେଙ୍ଗ୍
ଉ,ଉଚ୍ଛନ୍ନ , ଛନ୍ ଛନ୍‌ 
ଉ,ଉତ୍ସବ , ପରବ୍‌ 
ଉ,ଉଠିବୁ , ଉପରକେ ଉଠବୁ 
ଉ,ଉତ୍ତର , ଉତ୍ତର୍‌ 
ଉ,ଉତ୍ତପ୍ତ , ତପ୍ଲା 
ଉ,ଉତ୍ତୋଳନ , ଉଡାଇବା 
ଉ,ଉଦିଆ , ଉଦିଆ 
ଉ,ଉଭିଦ , ଗଛ 
ଉ,ଉଦାର , ମୁକଲାଇବାଟା 
ଉ,ଉପକରଣ , ଜିନିଷ ପତର 
ଉ,ଉପଦେଶ , ବୁଦ୍ଦିର କାତା 
ଉ,ଉପହାର , ପୁରସ୍କାର 
ଉ,ଉପାଡ଼ି , ଝିକ୍‌ବାଟା 
ଉ,ଉର୍ବର , ଉଶାସ୍‌ 
ଉ,ଉର୍ମି , ଢେଉ 
ଉ,ଉରୁ , ଜଂଘସ 
ଉ,ଉଷା , ସାକାଲ 
ଏ,ଉହାଡରୁ , ଆଡ଼କାବାଟେ 
ଏ,ଏକଜୁଟ୍‌ , ଗୋଟେକ୍‌କାତା 
ଏ,ଏକସୂରରେ , ଗୋଟେକ୍‌ ତଣ୍ଡରେ 
ଏ,ଏକଭଳିଆ , ଗୋଟେକ୍ ପାରା 
ଏ,ଏକିହେଲା , କାୟ୍ ହେଲା 
ଏ,ଏଗୁଡ଼ିକ , ଏଟାମନ୍‌ 
ଏ,ଏଣେତେଣେ , ଏନେତେନେ 
ଏ,ଏଥିପାଇଁ , ଇଟାପାଇଁ 
ଏ,ଏଣ୍ଡୁଅ , ଟେଣ୍ଡକା 
ଏ,ଏମିତିକା , ଏନ୍ତିଟା 
ଏ,ଏହାଫଳରେ , ଏଟାପାଇଁ 
ଐ,ଐରାବତ , ହାତୀ 
ଓ,ଓଠ , ଥମ୍ନି 
ଓ,ଓଧ , ବାୟଁକା 
ଓ,ଓଳିରୁ , ଛାନିଠାନୁ/ଅସ୍‌ନା 
ଓ,ଓହଳିବା , ଅଲାଇବାଟା 
କ,କଇଥ , କଇଠ୍‌ 
କ,କଇଁଚି , କତ୍ରାନି 
କ,କଇଁଚ , କଚିମ୍‌ 
କ,କଖାରୁ , ଖାକାରୁ 
କ,କଚାଡ଼ି , ଘସରି ଅଦରି ଗାଲା 
କ,କଞ୍ଚା , କାଚା 
କ,କଜଳପାତି , ଘଲିଆ 
କ,କଟୁରୀ , କଟରା 
କ,କଠିନ , ଆଣ୍ଟୁଆ 
କ,କଡ଼ରେ , ପାଲିକେ 
କ,କଢ , ତୁଣ୍ଡି 
କ,କଣ , କାଇଟା 
କ,କ'ଣ , କଣ/ କାୟଟା 
କ,କଣ୍ଢେଇ , ପୁତଲା 
କ,କଦାପି , କେବେମିଶା 
କ,କଣ୍ଟା , କାଟା 
କ,କଣ୍ଠ , ଶଙ୍ଖନ୍‌ଲା 
କ,କଣ୍ଠରୂଦ୍ଧ , ତଣ୍ଟି ଟିପ୍ଚିପା 
କ,କପୋତ , ପାଣ୍ଡକା 
କ,କମ୍ବଳ , ରାଗୁ/କମଲ୍‌ 
କ,କମ୍ପନ , ଥରଥର୍‌ 
କ,କରଜ , ବାନ୍ଧା ପକାଇବା 
କ,କରୁଣା , ଦୟା/ ଜୀବନ୍‌ ଦୂକାୟବାଟା 
କ,କବାଟ , କପାଟ୍‌ 
କ,କଷଣ , ଦୂକା/ ହର୍ବର୍‌ 
କ,କହ , କୟବାଟା 
କ,କଲମ , ପେନ୍‌ 
କ,କକ୍କଂଡ଼ା , କାକଡ଼ା 
କ,କାକୁଡ଼ି , କାକ୍ଡି 
କ,କାର୍ତ୍ତିକ , ଦିଆଲି ମାସ୍‌ 
କ,କାନଫୁଲ , କାନ୍‌ଫୁଲ୍‌ 
କ,କାଣ୍ଡ , ଖେନ୍ଦା 
କ,କାନ୍ଦୁଲ , କାନ୍ଦୁଲ୍‌ 
କ,କାମୁଡ଼ି , ଚାବ୍ବାଟା 
କ,କାମୁଡ଼ିଦେଲା , ଚାବିଦେଲା
କ,କାଳକାଳ , ଯୁଗ୍‌ ଯୁଗ୍‌ 
କ,କାହାଣୀ , କାତାନୀ 
କ,କିଛିକ୍ଷଣ , ଛନେକ୍ ପାରା 
କ,କିଛି ବାଟ୍‌ , ଖଣ୍ଡେକ୍‌ ଦୂର୍‌ 
କ,କେଉଁଠୁ , କନ୍ଥାନୁ 
କ,କେଉଁଥ୍‌ରେ , କାୟଟାଲଗେ 
କ,କେତୋଟି , କେତ୍ଟା 
କ,କେଉଁଠିକି , କନ୍ତି 
କ,କେବଳ , ଅବ୍କା 
କ,କୋଇଲି , କୁମାଟି 
କ,କୋକିଶିଆଳ , କେଣ୍ତରା/କଲିଆ 
କ,କଠୋର ସାଧନ , ବେଶି କଷ୍ଟ 
କ,କୌଶଳ , ଚାଲାକ୍‌ 
କ,କୃମି , କୁର୍ମିକିଡ଼ା / କେଚୁଆ 
କ,କୃଷକ , ଚାଷୀ 
କ,କୃଷ୍ଣପକ୍ଷ , ଆନ୍ଦାର୍‌ ଦିନ୍‌ 
କ,କ୍ରମରେ , ସରଲଂଗା 
କ,କ୍ଲେଶ , ଦୁକା 
କ,କିଣାବିକା , ଘେନାଚିନା 
କ,କିରଣ , ତାରାସ୍‌ 
କ,କୁଆଡ଼େ , କନ୍‌ବାଟେ 
କ,କୁଣ୍ଡାଇବା , ଖଜାଇବା 
କ,କୂଦା , ଡିଆଁ 
କ,କୂଳ , ବଂଶ 
ଖ,ଖଇ , ଫୂଲାଲିଆ 
ଖ,ଖର୍ଚ୍ଚ , ଖରଚ୍‌ 
ଖ,ଖଜୁରୀ , ଖାଜରୀ / ଖଜ୍‌ରୀ 
ଖ,ଖଟ , ଖାଟ୍‌ / ଖଟ୍‌ 
ଖ,ଖଡ଼ି , ଖଡ଼ି 
ଖ,ଖଟା , ଆମ୍‌ଲି 
ଖ,ଖମ୍ବଆଳୁ , ଲଙ୍ଗଲକାନ୍ଦା 
ଖ,ଖରା , ଖାରା 
ଖ,ଖବର , ଖବର୍‌ 
ଖ,ଖସଡ଼ା , ବିଚଲ୍‌ 
ଖ,ଖସିଗଲା , ଖସରିଗାଲା 
ଖ,ଖାଦ୍ୟ , ଖାଦି 
ଖ,ଖୁଡ଼ି , ନିନିମା 
ଖ,ଖୁସି , ସାର୍ଦା 
ଖ,ଖେଳ , ଖେଲ୍‌ ପଡ଼ିଆ 
ଖ,ଖେଳନା , ଖେଲ୍ବାଟା 
ଖ,ଖୋଳ , ଖପ୍ରି 
ଖ,ଖୋଲିଦିଅ , ମେଲାକରିଦିଆ 
ଗ,ଗଛଡାଳୁ , ଗଛ୍‌ ଡାଳନୁ 
ଗ,ଗଠନ୍‌ , ବନାୟବାଟା 
ଗ,ପଡ଼ିଆ , ନାଲ୍‌/ ବନ୍ଦ 
ଗ,ଗାଧୁଆ ପାଧୁଆ , ପାନି ଆଇବାଟା 
ଗ,ଗନ୍ଧ , ବାସ୍ନା/ ଗନ୍ଧ 
ଗ,ଗଞ୍ଜା , କୁକୁଡ଼ା ଗାଞ୍ଜା 
ଗ,ଗଣ୍ଠି , ଗଟି 
ଗ,ଗୋରୀ , ପାଣ୍ଡରୀ 
ଗ,ଗହନ ବନ , ଜବର କମନ୍‌ 
ଗ,ଗାତ , ବିଲ୍‌ 
ଗ,ଗାଡ଼ିଆ , ଡବ୍ରା 
ଗ,ଗାଣ୍ଡିଆ , ପୁଡ଼ା 
ଗ,ଗାମୁଛା , ଗାମ୍ଗ୍‌ 
ଗ,ଗ୍ରୀଷ୍ମ , ଖାରା 
ଗ,ଗୁଳୁଗୁଳି , ଘୁମଘୁମା 
ଗ,ଗୁହାରି , ଗୁଆରବାର୍‌ 
ଗ,ଗେଣ୍ଡା , ଗୁଲି 
ଗ,ଗୋଧ୍‌ , ଗିର୍ନା 
ଗ,ଗୋପାଳକ , ଗାୟଗଉଡ଼୍‌ 
ଗ,ଗୋଦାମ୍‌  ଗୁଦାମ୍‌ , ଗୁଦାମ୍‌ ଘରେ ଚାଉଲ୍‌ ସଙ୍ଗାୟ୍ବାୟ୍‌ |
ଗ,ଗ୍ରନ୍ଛ , ବଡ଼ବହି 
ଘ,ଘଟ , ପାତ୍ଲି 
ଘ,ଘାଇ , ଇଟାନ୍‌ 
ଘ,ଘାଇଲା , କାବ୍ରା 
ଘ,ଘୋଷାରି , ଅରଗଡ଼ି ନେବାଟା 
ଚ,ଚକିପେଷା , ଯାତା 
ଚ,ଚଟୁ , ଚାଟୁ 
ଚ,ଚଳପ୍ରଚଳ , ଠହିଣ୍ଡାଚୁଲା 
ଚ,ଗ୍ନଉଳ , ଚାଉଳ୍‌ 
ଚ,ଚାକର , କାବାଡ଼ି /ଗତି 
ଚ,ଚାଖୁଛି , ଚାକ୍ଲାନି 
ଚ,ଚ୍ରଖଣ୍ଡ , ବିତା 
ଚ,ଚନ୍ଦ , ଜନ୍‌ 
ଚ,ଚାବୁକ , କର୍ଡ଼ା 
ଚ,ଚିଙ୍ଗୁଡ଼ି , ଚିଙ୍ଗଡ଼ି 
ଚ,ଚିରା , ଫାଟଲା 
ଚ,ଚୂନାମାଛ , ଗୁଣ୍ଡମାଛ 
ଚ,ଚେତା , ହେତୁ 
ଛ,ଛଛତୁ , ଛାତି 
ଜ,ଜଜାଳ , ଜୟଧେରାଯେବା ଦାରୁ 
ଝ,ଝିଝିପିଝିପି , ବୁରିପାନି 
ଝ,ଝୁଣ୍ଢଡି ପଡ଼ିବା , ଝଟାଇବା 
ଟ,ଟୋପି , ଟୋପ୍ରି 
ଠ,ଠାବ୍‌ , ଖଜ୍ବାଟା 
ଠ,ଠେକୁଆ , ଖାଡ଼ା 
ଡ,ଡକି , ଅନ୍କା 
ଡ,ଡରିଗଲା , ଡରିଗାଲା 
ଡ,ଡାମ୍ପଣ , ଢାପନ୍‌ 
ତ,ତଉଲିଆ , ତୂଆଲ୍‌ 
ତ,ତରଳଝାଡ଼ା , ପାନିଆବନ୍ଦାଡ଼ି 
ତ,ତଲୱର୍‌ , ଖାଣ୍ଡା 
ତ,ତାପରଠୁ , ତାର୍ପଚେ 
ତ,ତେରଛା , ବାକ୍ଟି/ ଟେତାମେଡ଼ା 
ତ,ତୋରଣ , ମାଲା 
ତ,ତୋରାଣୀ , ତୁରାନୀପାନି 
ତ,ତୃଣଭୋଜୀ , ଘାସ୍‌ଖାଉ 
ତ,ତୁରୀ , ମଉରୀ 
ଥ,ଥକି , ଧାକି 
ଥ,ଥଳି , ମୁନା 
ଦ,ଦରିଆରେ , ସମ୍‌ଦୁର ଲଗେ 
ଦ,ଦର୍ଶନ , ଦେଖ୍ବାଟା 
ଦ,ଦାଆ , ଇଲା 
ଦ,ଦୁଇପ୍ରାନ୍ତ , ଦୁଇଛେଦେ 
ଦ,ଦୁଇଫାଳ , ଦୁଇଫାଡ଼ା 
ଦ,ଦୁଧ , କ୍ଷୀର/ଗରସ୍‌ 
ଦ,ଦେଶ , ଦେଶ 
ନ,ନଅ  ,ନ
ନ,ନଡ଼ିଆ , ନଡ଼ିଆ 
ନ,ନଣନ୍ଦ , ନନଦ 
ନ,ନଷ୍ଟକରିବା , ନସ୍‌ 
ନ,ନାହିଁ କରିବା , ନାଇଁକର୍‌ 
ନ,ନାଏକାଣୀ , ନାଇକାନି 
ନ,ନାମ , ନୀଓ 
ନ,ନାକ , ନାକ୍‌ 
ନ,ନାକ ଦଣ୍ଡା , ଦଣ୍ଡା 
ନ,ନାକୁଆ , ନାକ୍ଟି 
ନ,ନାଗସାପ , ନାଗ୍‌ 
ନ,ନାଗେଶ୍ଵରୀଂବାଦ୍ୟ, ନାଗ୍‌ସେରି
ନ,ନୃତ୍ୟନାଚ , ନାଟ 
ନ,ନାତି , ନାତି 
ନ,ନାତୁଣୀବୋହୂ , ନାତିଆନି 
ନ,ନନା , ନାନା
ନ,ନାଭି/ ନାହି/ନାଡ଼ି , ନାବ୍‌
ନ,ନାଳ , ନାଲ୍‌
ନ,ନିମନ୍ତ୍ରଣ , ନିଉତା
ନ,ନିଜେ/ନିଜର/ନିଜେ , ନିଜ୍‌
ନ,ନିଦା , ନିଦା
ନ,ନିନ୍ଦା , ନିନ୍ଦା
ନ,ନିଲିୟା , ନୀଳ
ନ,ନିସ୍ତେଜ , ନିସ୍ବତାୟି
ନ,ନିଶୁଣି , ନିସନି ଡାଙ୍‌
ନ,ନୂଆଁ , ନୁଆ
ନ,ନିଅ , ନେଂ
ପ,ପାଉଁଜି , ପଉଁରି
ପ,ପାଚିବା ପଚିବା , ପକ
ପ,ପରି , ପଳି
ପ,ପଛ , ପଚ
ପ,ପଛ ଭାଗ (ଘରର), ପଚା
ପ,ପହଞ୍ଚୁବା , ପଚ୍‌
ପ,ପେଟ , ପଟା
ପ,ପାଣିରେ ତିନ୍ତି ନଷ୍ଟ ହେବା , ପଟମ୍‌
ପ,ପୌଷମାସ , ପଡ଼୍‌
ପ,ପଣ୍ଡିତିଆ , ପଣିତ-କରିଯା
ପ,ପଢ଼ , ପଡ଼୍‌
ପ,ପତ୍ରପୃଷ୍ଠା , ପତର୍‌
ପ,ପାପୁଲି , ପଦମ୍‌
ପ,ପାପୁଲିଏ (ଜିନିଷ), ପଦମେକ
ପ,ପନ୍ଦର , ପଦର୍‌
ପ,ପଣସ , ପନସ
ପ,ପବିତ୍ର , ପବିତ୍‌
ପ,ପରଲୋକ , ପର୍‌
ପ,ପହଁରିବା , ପର୍‌
ପ,ପରବର୍ଷ , ପରୁ
,ତେଲ ଓ ମସଲା , ପରଝିଜା
ପ,ପରିବା କାଟିବା , ପଲ୍‌
ପ,ପରିବା କାଟିବା , ପମ୍‌
ପ,ପ୍ରବାଳ ପୋହଳା , ପଲା
ପ,ପଳଖା , ପଲ୍କା
ପ,ପାଇବା , ପା
ପ,ସେନିକ , ପାଇକ୍‌
ପ,ପାଦ/ ପାହୁଲ , ପାଉ/ପାଉଲା
ପ,ପ୍ରହରି/ ଜଗୁଆଳି , ପାଉରା
ପ,ପାଖରେ , ପାକ
ପ,ପାଖୁଡ଼ା , ପାକ୍ଡ଼ା
ପ,ପଥର , ପଗଡ଼ି
ପ,ପାକୁଳି କରିବା , ପାଗଲ୍‌
ପ,ପାଟିବା , ପାଚ୍‌
ପ,ପାଞ୍ଚ , ପଚ୍‌
ପ,ପାଞ୍ଚିବା , ପୀଚ୍‌
ପ,ପଗରିବା , ପାଚାର୍‌
ପ,ପତଳାବସ୍କପାଞ୍ଚି , ପୀଚିଆ
ପ,ଧାର କରିବା , ପାଜାଇ
ପ,ପାଞ୍ଜ , ପୀଜି-ପତର୍‌
ପ,ପଞ୍ଚରା , ପାଜ୍୍‌ରା
ପ,ପଠେଇବା , ପାଟାଇ
ପ,ପଟା/ମହି , ପାଟା
ପ,ପଟା , ପାଟିଆ
ପ,ପଡ଼ିଆ ଜମି , ପଡ଼ିଆ-ପଦା
ପ,ପତଳା , ପାତଲ୍‌
ପ,ପାଦ , ପାଦ୍‌
ପ,ପକ୍ଷୀ ଧରିବା ଫାସ , ପୀଦ୍‌
ପ,ପାଣି ବର୍ଷା , ପାନି
ପ,ପାନିଆ , ପାନିଆ
ପ,ପାପ , ପାପ୍‌
ପ,ପାହାଡ଼ , ପାବ୍ଲି
ପ,ପାରିବା , ପାର୍‌
ପ,ପରି , ପାରା
ପ,ପାଲାଇ , ପାରା
ପ,ପାଲାଇ , ପଳେଇବା
ପ,ପାଳି , ପାଲି
ପ,ପାଲ୍‌ଟା ଦେବାର , ପାଲ୍‌ଟୁ
ପ,ପାଳଧୂଆ , ପାଲଦା
ପ,ପଛକୁ ଗ୍ବହିଁବା , ପାସ୍‌ଲିଦେକ୍‌
ପ,ପିଚକାର , ପିଚକାନଲା
ପ,ପାଗଳ , ପିଚାସି ବାଯା
ପ,ପିଟ୍‌ , ପିଟିବା
ପ,ପିଟଣା , ପିଟଣା
ପ,ପିଭ/ପିଉରସ , ପିତ୍‌
ପ,ପିତଳ , ପିତଲ
ପ,ପିତୃପୁରୁଷ ଆସ୍ଫାାନ, ପିଦର୍‌
ପ,ପିନ୍ଧିବା , ପିଦ୍‌
ପ,ପ୍ଲୀହା , ପିରା
ପ,ପୁଆ , ପିଲ୍କା
ପ,ପିଲା/ଶିଶୁ , ପିଲା
ପ,ପୋଛିବା , ପୁଚ୍‌
ପ,ପୂଜକ , ପୂଜାରି
ପ,ପୂଜ , ପୁଜ୍‌
ପ,ପୁଡ଼ିଆ , ପୁଡଗା
ପ,ପ୍ରବେଶ କରିବା , ପୁର୍‌
ପ,ପୁରାଇବା , ପୁରାଇ
ପ,ପୂର୍ଣ୍ଣ , ପୁରନ୍‌
ପ,ପୁରୁଣା , ପୁର୍ନା
ପ,ପଦ୍ମ , ପୁରନି
ପ,ପୁଷମାସ , ପୁସ୍‌
ପ,ପେଜ/ଜାଉ , ପେଜ୍‌
ପ,ପେଟ , ପେଟ୍‌
ପ,ପେଣ୍ଡା , ପେଣ୍ଡା
ପ,ପିତୁଆ , ପେଣି
ପ,ପଠେଇବା , ପେସ୍‌
ପ,ପେଷଣ , ପେସନ୍‌
ପ,ପାଚିବା/ ପରିପକ୍‌ , ପୋକ୍ତା
ପ,ପୋଡ଼ିବାନଜାଳିବା , ପୋତ୍‌
ପ,ପୋଥୁ , ପୋତି
ପ,ପୋଷିବା , ପୋସ୍‌
ପ,ପୋଷ୍ଯପୁତ୍ର , ପୋସୁଆ ପୋ
ବ,ବଳା , ବଇଟା
ବ,ବଧ୍‌ର , ବଇରା
ବ,ବୈଶାଖ , ବଇସାକ୍‌
ବ,ବାଘୁଆ ମାଛି , ବାଗ୍‌
ବ,ବଗ , ବକ୍‌
ବ,ଗଛଛେଲି/ବକଳ , ବକୁଲ୍‌
ବ,ପରିହାସ କରିବା , ବକର୍‌
ବ,ବୁକୁଚ୍‌ , ବଚକା
ବ,ବଢ଼େଇବା , ବଡ଼
ବ,ବୟସ୍କ ବଡ଼ , ବଡ଼
ବ,ବରଗଛ , ବଡ ଗାଚ୍‌
ବ,ବଡ଼ବାପା , ବଡ଼୍‌
ବ,ବୋଡ଼ା ସାପ , ବଡ଼-ସାପ୍‌
ବ,ବନ୍‌ସୀ , ବଡସି
ବ,ପରି/ବତ୍‌ , ବତର୍‌
ବ,ବତର , ବତର୍‌
ବ,ବଦଳେଇବା , ବଦଲ୍‌
ବ,ବ୍ରଣ , ବରଟ୍‌
ବ,ଦଉଡ଼ି/ବ୍ରତ , ବରତ୍‌
ବ,ବହିଯିବା/ଭାସିଯିବା, ବଲ୍‌
ବ,ବିପଦପୂର୍ଣ୍ଣ , ବୟି
ବ,ବସ୍‌ , ବସିବା
ବ,ବାଇଗଣ ,  ବାଇଗନ୍‌
ବ,ବାହାରିଆ , ବାଉରି
ବ,ବାଉଁଶ , ବାଁଉସ୍‌
ବ,ବଙ୍କା , ବାଁକ୍‌/ବୀକ୍ଟି
ବ,ବଙ୍କାଇବା , ବାକାଇ
ବ,ବଖରା , ବାକା
ବ,ବାଘ , ବାଗ୍‌
ବ,ବାଘ ଉପଦ୍ରବ , ବାଗାଇ
ବ,ଫଟା , ବାଗ୍‌ରା
ବ,ବିସ୍ତାର କରିବା , ବାଗଲାଇ
ବ,ବାଛିବା , ବାଚ୍‌
ବ,ବାଛି ବାହାର , ବାଚଲି
ବ,ବାଛୁରି , ବାଗ୍‌
ବ,ବାଜା ବଜାଇବା , ବାଜ୍‌
ଭ,ଭଲ , ନିକ
ଭ,ଭଉଣୀ , ଭଇନୀ
ଭ,ଭକୁଆ , ଖେତା / ଭେଲ୍‌କା
ଭ,ଭ୍ରମର , ଭଅଁରା କିଡ଼ା
ଭ,ଭଙ୍ଗା , ଫାଟ୍‌ଲା
ଭ,ଭାଦ୍ରବ ମାସ , ଭଦ ମାସ୍‌
ଭ,ଭଜା , ଭାଜା
ଭ,ଭାବିବା , ହେତୁ କରିବା
ଭ,ଭେଳିକି , ଥେରେପେତେ
ଭ,ଭାଉଜ , ବଉ
ଭ,ଭିଣୋଇ , ଭାଟ
ଭ,ଭାରିଯା , ମାଇଜି
ଭ,ଭିତରକୁ , ଭିତ୍ରେ
ଭ,ଭକ୍ଷକ , ଖାଉ
ଭ,ଭୂତ , ଡୁମା
ଭ,ଭିକ୍ଷା , ଭିକ୍‌
ଭ,ଭାଇ , ନାନା / ନୁନା
ଭ,ଭୋକ , ଭୁକ୍‌
ଭ,ଭାସ୍ୟକାର , କାତାକଉ
ଭ,ଭୋଗ , ଭଗ୍‌
ଭ,ଭଡ଼ାଘର , ଭାଡ଼ାଘର
ଭ,ଭଣ୍ଡାରି ତ ଭାଣ୍ଡାରୀ,
ଭ,ଭତା , ପିଚ୍ନୀ
ଭ,ଭିନ୍ନ , ଭିନେ
ଭ,ଭଦ୍ରାମି ,  ଲେକା ସୁର୍ତା
ଭ,ଭୟଶୀଳ , ଡରିବା
ଭ,ଭଣଜା , ଭଞ୍ଜା
ଭ,ଭାଗ୍ୟ ,  କରମ୍‌- କପାଲ୍‌
ଭ,ଭାତୁଡ଼ି , ଚାମ୍‌କିଡ଼ି
ଭ,ଭାରି , ଓଜନ
ଭ,ଭାରୁଆ , କାଉଡିଆ
ଭ,ଭାସିବା , ପଙ୍ଘିବା
ଭ,ଭିଡ଼ିବା , ଝିକିବା
ଭ,ଭିଡ଼ିଭାଡ଼ି , ଝିକାଟଣା
ଭ,ଭିତିହୀନ , ପାଙ୍ଗୁଆ (୯ମାହାଳିଆ)
ଭ,ଭେଣ୍ଡା , ଭେଣିଆ / ଧାଙ୍କଡା
ଭ,ଭାଡ଼ି , ମଞ୍ଚା/ ମଚା
ମ,ମକା , ଜନା
ମ,ମାଙ୍କଡ଼ , ମାକଡ୍‌
ମ,ମନୁଷ୍ଯ , ନରାମାନେ
ମ,ମମତା , ଲାତ୍‌
ମ,ମାଟି , ଭୂଇଁ
ମ,ମାଆ , ଆୟା
ମ,ମାସ , ମାସ୍‌
ମ,ମଥା , କପାଲ୍‌
ମ,ମଝିରେ , ମଜାଏ
ମ,ମୟୂର , ମଜୁର୍‌
ମ,ମାଂସ , ମାଉସ୍‌
ମ,ମତେ , ମକେ
ମ,ମନ୍ଦିର , ଦେଉଲ
ମ,ମନରଞ୍ଜନ , ଶର୍‌ଦା
ମ,ମାପିବା , ନାପ କରିବା
ମ,ମନେ ପକାଇବା , ହେତୁ କରିବା
ମ,ମାରିବା , ମାଡ୍‌
ମ,ମାଇଚିଆ , ବେଜୁ
ମ,ମାରାତ୍ନକ , ବଡ୍‌ ଜାଟି
ମ,ମାଛ , ମାଚ୍‌
ମ,ମାଛି , ମଟି
ମ,ମାଇ କୁକୁଡା , ପେଟି କୁକୁଡ଼ା
ମ,ମାନ୍ଦା , ନିସ୍ତିଆ
ମ,ମାଗଁ , ବାଟ୍‌
ମ,ମଦୁଆ , ମାତ୍ଲି
ମ,ମଳିବା , ମିଣ୍ଡାଣି
ମ,ମୈତ୍ର , ମଇତର୍‌
ମ,ମଇଦାନ , ଖରାବେଳେ
ମ,ମଇଲା , ଆରଲା
ମ,ମକଟିବ , ଚକଟିବା
ମ,ମୌନ , ଚିମ୍‌ରା
ମ,ମଙ୍ଗଳ , ନିକୋ/ ଭଲ
ମ,ମଜଭୁତ , ଆଣ୍ଟ
ମ,ମଜା , ଟାପ୍‌ରା
ମ,ମଣ୍ଡପ , ବେଦି
ମ,ମଣ୍ଡୁକ , ବେଙ୍ଗ
ମ,ମଧୁର , ମଦୁର୍‌
ମ,ମନଯୋଗ , ଧ୍ଯାନ୍‌ରେ
ମ,ମନ୍ତ୍ରୀ , ମତ୍ରୀ
ମ,ମଶୁରୀ , ମୁଶୁରୀ
ମ,ମନ୍ଦାର , ମାନ୍ଦାର୍‌
ମ,ମହିଳା , ମାଇଜିଟୋକି
ମ,ମରତ୍ୟ , ଧର୍ତନୀ
ମ,ମାରାମାରି , ମାଡ଼ପିଟ୍‌
ମ,ମରୁଡ଼ି , ମର୍ଡ଼ି
ମ,ମର୍ମାହତ , ବିଶାସ ଲାଗିବା
ମ,ମଳାମଳି , ମିଣ୍ଡାମିଣି
ମ,ମସଳା , ମସଲା
ମ,ମଶାଣି , ମସାନ୍‌
ମ,ମହତ , ବଡ଼
ମ,ମାହାଳିଆ , ଅବ୍କା ଅବ୍କା
ମ,ମହାପୁରୁ , ମାପୁରୁ
ମ,ମୁଖ , ଟଣ୍ଡ ଥୋମନା
ମ,ମୁଖା , ଖୋଲପା
ମ,ମୁଖୁଆ , ବଡ଼ଲୋକ
ମ,ମୁଗୁନା , ମୁନ୍‌ଙ୍ଗା
ମ,ମୁଚଲା , ମୁଣ୍ଡ ଭସନା
ମ,ମୁର୍ଛା, ଚେତା ହଜିଯିବା
ମ,ମୁଠା ମୁଠା ,  ମଟେକ୍‌ ମୁଟେକ୍‌
ମ,ମୁଣ୍ଡ , ମୁଣ୍ଡ
ମ,ମୁନୀବ , ସାହୁକାର୍‌
ମ,ମୁନ୍ଦାଏ , ଟପେକ୍‌
ମ,ମୁରଳୀ , ବଇଁଶି
ମ,ମୁଲିଆ , ମାମୁଡ଼ି / ଗତି
ମ,ମୁଷଳ , ମୁସୁଲ୍‌
ମ,ମୁହଁ , ମୁଁ
ମ,ମୁତ୍ର , ମୁତ୍‌
ମ,ମୁଢ଼ , ଭୋକୁଆ
ମ,ମୁକ , କନ୍ଧା କନ୍ଧି
ମ,ମୁଗ , ମୁଁଙ୍୍‌
ମ,ମେଘ , ମେଙ୍ଗ୍‌
ମ,ମାତା , ଆୟା
ମ,ମାଣ , ମାନ୍‌
ଯ,ଯାଅ , ଯା
ଯ,ଯାଯାବର , ମାଙ୍ଗୁଲି
ଯ,ଯାଚିବା , ଯାଚାଇବା
ଯ,ଯାଆଁଳା , ଜିଲା
ଯ,ଯୁବକ , ଧାଙ୍ଗଡ଼ା
ଯ,ଯୁବତୀ , ଧାଙ୍ଗଡ଼ି
ଯ,ଯୁଦ୍ଧ , ଧାଙ୍ଗଡ଼ା
ଯ,ଯନ୍୍‌ , ଯତନ୍‌
ଯ,ଯଦିଓ , ହେଲେମିଶା
ଯ,ଯଥେଷ୍ଟ , ଭୁତେକ୍‌ /ଯବର୍‌
ଯ,ଯନ୍ତ୍ର , ଯନ୍ତର୍‌
ଯ,ଯନ୍ତ୍ରଣା , ଦୂକା
ଯ,ଯୋଗ ,  ଭେଟଘାଟ୍‌
ଯ,ଯୌବନ , ଭେଣିଆ
ଯ,ଯୁଗ , ଯୁଗ୍‌ ©
ଯ,ଯେତେଟା , ଯେତେକ ମିଶା
ଯ,ଯକ , ଯକ୍‌
ଯ,ଯୋଗାଯୋଗ ,
ଯ,ଯୌତୁକ , ଜୁତୁକ୍‌
ର,ରୁହ , ର/ ଥେବ୍‌
ର,ରବିବାର , ରଇବାର୍‌
ର,ରାଗିବା , ରିଷା ହେବା
ର,ରସୁଣ , ଲସୁନ୍‌
ର,ରଙ୍କା ପଶିବା , ମସକ୍‌ବା
ର,ରସିଦ , ଚିରକୁଟ
ର,ରସ , ରସ୍‌
ର,ରବର , ଲାବର୍‌
ର,ରଣ , ରୁନ/ ଉଦାର୍‌ / ୟୁଯ୍‌
ର,ରୁଆ , ରୋପା
ର,ରହିତ , ରହିତ୍‌
ର,ରାତ୍ର , ରାତି
ର,ରାଗିବା , ରିସା
ର,ରକ୍ତ , ବନି
ର,ରାନ୍ଧିବା , ରାନ୍ଧୁ
ର,ରଖ୍ବା , ରଖ୍‌
ର,ରଙ୍ଗ , ରଙ୍ଗ
ର,ରାକ୍ଷାସ ,  ଅସୁର/ ରାଖସ୍‌
ର,ରଡ଼ି , ରାଟୁ / କିର୍‌ ହେବା
ର,ରୁଣ୍ଡ , ଜମା ହେବା
ର,ରାଜି , ମାନିବା / ମାନ୍ବାର
ର,ରାୟ , ବିଚାର୍ନା
ର,ରୁଚି , ସ୍ବାଦ
ର,ରୁଡ଼ି , ବାକନା
ର,ରାସ୍ତା , ବାଟ୍‌
ଲ,ଲଙ୍କା , ମରିଚ୍‌
ଲ,ଲାଲ୍‌ , ରଙ୍ଗ
ଲ,ଲୁଣ/ ଲବଣ , ନୁନ୍‌
ଲ,ଲତା , ଡିର୍‌
ଲ,ଲାଭ , ଲାବ୍‌
ଲ,ଲୁଣିଆ , ଖାରିଆ
ଲ,ଲୁଗା , ଫଟାଇ / ଶାଢ଼ୀ
ଲ,ଲଙ୍ଗଳ , ନଙ୍ଗଲ
ଲ,ଲମ୍ଭା , ଡେଙ୍ଗ
ଲ,ଲୁଚି ପଳାଇବା , ଫାଲାରୀ
ଲ,ଲୁହାକଣ୍ଠା , ଖୁଟି/ ମେଖ
ଲ,ଲାଠି , ଠେଙ୍କ
ଲ,ଲାଞ୍ଜ , ଲେଂଜ୍‌
ଲ,ଲୋକ , ଲକ୍‌
ଲ,ଲଅରପଅର , ଲସର୍‌ଫସର୍‌
ଲ,ଲକ୍ଷ , ଲାକ୍‌
ଲ,ଲକ୍ଷପତି , ଲାକ୍ପତି
ଲ,ଲଘିଷ୍ଟ , ଉଷାସ୍‌
ଲ,ଲଙ୍କାପାଣ୍ଡୁ , ଭାଲିଆ
ଲ,ଲଜା , ଲାଜ୍‌
ଲ,ଲାଙ୍ଗୁଡ଼ , ଲେଞ୍ଜ୍‌
ଲ,ଲଣ୍ଠନ , ଲାନ୍ତର୍‌
ଲ,ଲଡୁ , ଲାଡୁ
ଲ,ଲୁହ / ଲୋତକ , ଅଆଁସୁ
ଲ,ଲିପିବା , ସାରାଇବା
ଲ,ଲହରି , ଲହଡ଼ି
ଲ,ଲହୁଣି , ଖୁର୍‌ସା
ଲ,ଲାଖୁଯିବା , ଢ଼ସିବା
ଲ,ଲୋଭି , ମୁସ୍‌କା
ଲ,ଲୁଣି , ଖାରିଆ
ଲ,ଲେନ୍ସାଏ , ଭାରେକ୍‌
ଲ,ଲୋମ , ରୁମ୍‌
ଲ,ଲୋକକଥା , କାତାନି
ଲ,ଲୋମସ୍‌ , ଭୁ୍ସା
ଲ,ଲହରା , କାମାର୍‌
ଲ,ଲୌହ , ଲୁଆ
ଶ,ଶସ୍ତା , ଶାସ୍ତା
ଶ,ଶରୀର , ଗାଗତ୍‌
ଶ,ଶହ , ଶଏ
ଶ,ଶୌରା , ରା
ଶ,ଶକ୍ତି , ବପୁ
ଶ,ଶକ୍କୁଡ଼ି , ସକ୍‌ଡ଼ି
ଶ,ଶଶୁର , ସାତ୍ରା
ଶ,ଶାଶୁ , ସାତ୍ରି
ଶ,ଶଳା , ସାଲା
ଶ,ଶୁକ୍ରବାର , ଶୁକୁର୍‌ ବାର୍‌
ଶ,ଶଗଡ଼ , ଶଗତ୍‌
ଶ,ଶଂକୋଚ , ଦୁଇ ମୁନିଆ
ଶ,ଶଂଖ , ଶଂଖ୍‌
ଶ,ଶଜନା ଶାଗ , ମୁନ୍‌ଗା ଶାଗ୍‌
ଶ,ଶୀତ , ଶୀତ
ଶ,ଶପ , ଟାଟି
ଶ,ଶର , ଶର୍‌ / କାଣ୍୍‌
ଶ,ଶୀର , ମୁଣ୍ଟ୍‌
ଶ,ଶରୁଆ , ଶପୁର୍‌
ଶ,ଶଳୀତା , ଶେଳ୍ତା
ଶ,ଶୋଷ , ଶଷ୍‌
ଶ,ଶାଗ , ଶାଗ୍‌
ଶ,ଶାଗୁଆ , କାଚା ପତ୍ରିଆ
ଶ,ଶାଗୁଣା , ଗିଦ୍‌
ଶ,ଶାଳ , ଶର୍ଗି
ଶ,ଶାଣିତ , ଧାରିଆ
ଶ,ଶାଧା , ମାମୁଲ୍‌
ଶ,ଶ୍ୟାମଳୀ , କାଲିଆ
ଶ,ଶିଂଗ , ଶିଂଗ୍‌
ଶ,ଶିଉଳି , ବିଚଲ୍‌
ଶ,ଶିକ୍ଷା , ପାଟ୍‌
ଶ,ଶିଷ୍ୟ , ଶିଷ୍‌ / ଚେଲା
ଶ,ଶିଖୁବା , ଶିକ୍ବା
ଶ,ଶୀରା , ଛିର୍‌
ଶ,ଶିଳା , ପାକ୍ନା
ଶ,ଶିର୍‌ପା , ମୁକୁଟ୍‌
ଶ,ଶୀତଳ ,  କାକର୍‌
ଶ,ଶୁଆ , ରୁପୁ 
ଶ,ଶେଷ ଭାଗ , ସରାଶର
ଶ,ଶ୍ରୁଧା , ଶର୍ଦା
ଷ,ଷଣ୍‌ , ଷଣ୍୍‌
ଷ,ଷାଠିଏ , ଷାଟେ
ସ,ସଅଳ , ବେଗିବେଗି
ସ,ସାଙ୍ଗ , ସଙ୍ଗାଡ଼ି
ସ,ସଙ୍ଗାତ , ମୈତର୍‌
ସ,ସଙ୍ଗୀତ , ଗୀତ୍‌
ସ,ସଙ୍ଗୀତଜ୍ଞ , ଗୀତ୍କାର୍‌
ସ,ସଞ୍ଜ , ସଞ୍ଚ୍‌
ସ,ସକାଳ , ସାକାଲ୍‌
ସ,ସତ , ସତ୍‌
ସ,ସନ୍ତାନ ସନ୍ତିତ , ପିଲାଟକି
ସ,ସନ୍ଧ୍ଯାକାଳିନ , ସଞ୍ଚବେଲା
ସ,ସ୍ଵପ୍ନ , ସପନା
ସ,ସଭିଏଁ , ସବ୍ଲକ୍‌
ସ,ସମୁଦ୍ର , ସମ୍ଦୁର୍‌
ସ,ସମୁଦି , ସମ୍ଦି
ସ,ସଂର୍ପକୀୟ , ଲୋକ୍ବାକ୍‌
ସ,ସ୍ଵର , ସରଗ୍‌
ସ,ସତର୍କ , ହୁସିଆର୍‌
ସ,ସହଧମିଣୀ , ମାଇଜି
ସ,ସମାନ୍‌ , ଏକାପରା
ସ,ସାହାସ , ସାଅଁସ୍‌
ସ,ସହିଯିବା , ସଚିମ୍ରା ପଡ଼ିବା
ସ,ସାହାଯ୍ୟ , ସାଇଜ
ସ,ସାଉଁଟିବା , ରୁଣ୍ଡାରୁଣି
ସ,ସାକ୍ଷାତ , ଭେଟ୍‌ ହେବା
ସ,ସୁଚାରୁ ରୂପେ , ନିକ କରି
ସ,ସୁନ୍ଦର , ସୁନ୍ଦର୍‌
ସ,ସୁସୁରୀ ମାରିବା , ସୁଇଟି ମାରିବା
ସ,ସଉତୁଣି , ସତେନ୍‌
ହ,ହାତ , ହାତ୍‌
ହ,ହଜାର , ହାଜାର୍‌
ହ,ହୁଡ଼ା , ହିଡ଼ି 
ହ,ହରଡ଼ , କାନ୍ଦୁଲ
ହ,ହଳ , ହଲ୍‌
ହ,ହାକୁଡ଼ି , ହୁଲ୍କି
ହ,ହାଟ , ହାଟ୍‌
ହ,ହଂକା , ବିନ୍‌
ହ,ହାଡ , ହାତ୍‌
ହ,ହୁସିଆର , ଜାଗ୍ରତ
ହ,ହାଣ୍ଡିଶାଳ , ରାନ୍ଧାଘର୍‌
ହ,ହାତୁଡ଼ି , ମୁଟ୍ଲା
ହ,ହିଞ୍ଜଡ଼ା , ବେଜୁ
କ୍ଷ,କ୍ଷମା , ଖେମା 
କୃଷିଯନ୍ତ୍ରପାତି/farming,କଳ ଲଙ୍ଗଳ , ଟାକ୍ଟର ଲାଙ୍ଗଲ 
କୃଷିଯନ୍ତ୍ରପାତି/farming,ଲଙ୍ଗଳ , ଲାଙ୍ଗଲ 
କୃଷିଯନ୍ତ୍ରପାତି/farming,କୋଦାଳ ,  କଡ଼କି 
କୃଷିଯନ୍ତ୍ରପାତି/farming,କୁରାଡ଼ି , କୁରାଡ଼ି 
କୃଷିଯନ୍ତ୍ରପାତି/farming,ଖୁରୁପୀ , ଖୁସ୍‌ନି 
କୃଷିଯନ୍ତ୍ରପାତି/farming,ଦାଆ , ଇଲ 
କୃଷିଯନ୍ତ୍ରପାତି/farming,ଫାଳ , ଫାଲ 
କୃଷିଯନ୍ତ୍ରପାତି/farming,ଜୁଆଳି ,  ଜୁବୋଟା 
କୃଷିଯନ୍ତ୍ରପାତି/farming,ତେଣ୍ଡା , ଚୁଆରନି 
କୃଷିଯନ୍ତ୍ରପାତି/farming,ହାଚୁଡ଼ି , ମୁଟୁଲା 
କୃଷିଯନ୍ତ୍ରପାତି/farming,ନଡ଼ାକଟା ଯନ୍ତ୍ର , ପିଅଲ କାଟବା ମିଶିନ୍‌ 
କୃଷିଯନ୍ତ୍ରପାତି/farming,ଢେକି ,  ଡିକି/ଡେକି 
କୃଷିଯନ୍ତ୍ରପାତି/farming,ବାହୁଙିଂ , କାଉଡ଼ି 
କୃଷିଯନ୍ତ୍ରପାତି/farming,ଫାଉଡ଼ା , ରାପା 
କୃଷିଯନ୍ତ୍ରପାତି/farming,ମଇ , ପଟାମାରବାଟା 
କୃଷିଯନ୍ତ୍ରପାତି/farming,କରତ ,  କରତ 
କୃଷିଯନ୍ତ୍ରପାତି/farming,ସଣ୍ଡୁ୍‌ଆସି , ଚିମଟା 
କୃଷିଯନ୍ତ୍ରପାତି/farming,କୃଷି , ଗ୍ବଷ 
କୃଷିଯନ୍ତ୍ରପାତି/farming,ଅନୁର୍ବର , ଡଙ୍ଗର ବା ପଡ଼ିଆବେଡ଼ା
କୃଷିଯନ୍ତ୍ରପାତି/farming,ଉର୍ବର , ଖତୁଆ 
କୃଷିଯନ୍ତ୍ରପାତି/farming,କୃଷକ , ଗ୍ଷି 
କୃଷିଯନ୍ତ୍ରପାତି/farming,ଜମି , ବେଡ଼ା 
କୃଷିଯନ୍ତ୍ରପାତି/farming,ଉତ୍ପାଦନ , ଅଜିବା/ ପଗଇବା 
କୃଷିଯନ୍ତ୍ରପାତି/farming,ନଦୀ , ଗାଡ଼ 
କୃଷିଯନ୍ତ୍ରପାତି/farming,ନାଳ , ନାଲ୍‌ 
କୃଷିଯନ୍ତ୍ରପାତି/farming,ପୋଖରୀ , ବନ୍ଦ 
କୃଷିଯନ୍ତ୍ରପାତି/farming,ଜଳ ସେଚନ , ପାନି ମଡ଼ାଇବା 
କୃଷିଯନ୍ତ୍ରପାତି/farming,ରତୁ , ଦିନ୍‌ 
କୃଷିଯନ୍ତ୍ରପାତି/farming,ବର୍ଷାରତୁ , ବର୍ଷୀଦିନ୍‌ 
କୃଷିଯନ୍ତ୍ରପାତି/farming,ବନ୍ଯା , ପୁର୍‌ 
କୃଷିଯନ୍ତ୍ରପାତି/farming,ଖରା , ଖାରା 
କୃଷିଯନ୍ତ୍ରପାତି/farming,ଗରମ୍‌ , ତପ୍ଲା 
କୃଷିଯନ୍ତ୍ରପାତି/farming,ଉତ୍ତାପ , ତାତି/ ତପଲା 
କୃଷିଯନ୍ତ୍ରପାତି/farming,ସୂର୍ଯ୍ୟ କିରଣ , ସୁରଜ ଉଜଲ /ବେଲ୍‌ ତରାସ୍‌ 
କୃଷିଯନ୍ତ୍ରପାତି/farming,ପାଣି , ପାନି 
କୃଷିଯନ୍ତ୍ରପାତି/farming,ପବନ , ପବ୍ନ 
କୃଷିଯନ୍ତ୍ରପାତି/farming,ଆଲୋକ , ଉଜଲ୍‌ 
କୃଷିଯନ୍ତ୍ରପାତି/farming,ଅଙ୍କୁରୋଦଗମ , ଗାଜା ହେବାର 
କୃଷିଯନ୍ତ୍ରପାତି/farming,ବିହନ , ବିଅନ 
କୃଷିଯନ୍ତ୍ରପାତି/farming,ଖତ , ଖତ୍‌ 
କୃଷିଯନ୍ତ୍ରପାତି/farming,ଗୋଚର , ଗଚର 
କୃଷିଯନ୍ତ୍ରପାତି/farming,ରୁଆ , ରପା 
କୃଷିଯନ୍ତ୍ରପାତି/farming,ଖଳା , କଟାର୍‌ 
କୃଷିଯନ୍ତ୍ରପାତି/farming,ଫସଲ , ଚାଷ/ ପାଚୁ 
କୃଷିଯନ୍ତ୍ରପାତି/farming,ନଡ଼ା , ପିଆଲ୍‌/ ପିରି 
କୃଷିଯନ୍ତ୍ରପାତି/farming,ଘାସକୁଟା , ଘାସପିରି 
କୃଷିଯନ୍ତ୍ରପାତି/farming,ବଳଦଗାଡ଼ି , ଶଗଡ଼ 
ଗଛଲତା/trees,ଗଛ , ଗଚ 
ଗଛଲତା/trees,ଲତା , ମାଲ୍‌ 
ଗଛଲତା/trees,ଛୋଟ ଗଛ , ସାନ ଗଚ୍‌ 
ଗଛଲତା/trees,ମୂଳ ,  ମୂଲ 
ଗଛଲତା/trees,କାଣ୍ଡ , ଗଣ୍ିି 
ଗଛଲତା/trees,ଶାଖା/ ଡ଼ାଳ , ସେନ୍ଦା / ପତର ରେବା
ଗଛଲତା/trees,ପତ୍ର , ପତର 
ଗଛଲତା/trees,ଫୁଲ ,  ଫୁଲ୍‌ 
ଗଛଲତା/trees,କଢ , କଷି 
ଗଛଲତା/trees,ଫୁଲ ପାଖୁଡ଼ା , ଗୁଲାବିର ଫୁଟଲା ଫୁଲର ପାଲି ପତର ଆନରୁ ଅତର ହେଇସି |
ଗଛଲତା/trees,ଫଳ ,  ଫଲ୍‌ 
ଗଛଲତା/trees,ମଂଜି , ମଜି 
ଗଛଲତା/trees,କଣ୍ଟା , କାଟା 
ଗଛଲତା/trees,କାଠ ,  କାଟ/ ଦାରୁ 
ଗଛଲତା/trees,ଛାଲି ,  ଛେଲି 
ଗଛଲତା/trees,ତନ୍ତୁ , ସୁତା 
ଗଛଲତା/trees,ଅଙ୍କୁର , ଗାଜା 
ଗଛଲତା/trees,ଆତ୍ମ , ଆମ୍‌ 
ଗଛଲତା/trees,ଅଶ୍ବତଥ ଗଛ , ପିପଲଗଚ 
ଗଛଲତା/trees,ଘାସ , ଘାସ୍‌ 
ଗଛଲତା/trees,ଗୁଳ୍କମ/ ବୁହା , ବୁଦା 
ଗଛଲତା/trees,ନଡ଼ିଆ ଗଛ , ନାଡ଼ିଆଗଚଟ୍‌ 
ଗଛଲତା/trees,ଖଜୁରୀଗଛ ,  ଖଜୁରୀଗଚ୍‌ 
ଗଛଲତା/trees,ତାଳଗଛ ,  ତାଲଗଚ୍‌ 
ଗଛଲତା/trees,ବାଉଁଶ , ବାଉଶ୍‌ 
ଗଛଲତା/trees,ବାଉଁଶ ବଣ , ବାଉଶ କମନ୍‌ 
ଗଛଲତା/trees,ଆଖୁ , ଦାଣ୍ଡା 
ଗଛଲତା/trees,କଦଳୀ ଗଛ , କଦଳୀଗଟ 
ଗଛଲତା/trees,ଜାମୁକୋଳି ଗଛ , ଜାମୁକୋଲି ଗଚ୍‌ 
ଗଛଲତା/trees,ନିମ୍ଭଗଛ ,  ନିମଗଚ୍‌ 
ଗଛଲତା/trees,ଡାଲିମ୍ଭ ଗଛ , ଡାଲିମ୍‌ ଗଚ୍‌ 
ଗଛଲତା/trees,ତୁଳସି ,  ତୁଲସି 
ଗଛଲତା/trees,ପଣସଗଛ , ପନସ୍‌ ଗଚ୍‌ 
ଗଛଲତା/trees,ଶାଳଗଛ ,  ସରଗି ଗଚ୍‌ 
ଗଛଲତା/trees,ଶିମୁଳି ଗଛ , ସେମଲି ଗଚ୍‌ 
ଗଛଲତା/trees,ପାଇନ ଗଛ , ପାଇନ୍‌ ଗଟ୍‌ 
ଗଛଲତା/trees,ଆକାଶିଆ ଗଛ , ଆକାଶିଆ ଗଚ୍‌ 
ଗଛଲତା/trees,ଗୁଆ ଗଛ ,  ଗୁଆ ଗଚ୍‌ 
ଗଛଲତା/trees,ସଜନାଗଛ , ମୁନ୍‌ଗା ଗଚ୍‌ 
ଗଛଲତା/trees,ଅମୃତଭଣ୍ଡା ଗଛ , ଅମୃତ/ ମାଣ୍ଡା ଗଚ 
ଗଛଲତା/trees,ଆତ ଗଛ ,  ଚିତାଫଲ/ ଚିତାପାକ 
ଗଛଲତା/trees,ବେଲ ଗଛ ,  ବେଲଗଚ୍‌ 
ଗଛଲତା/trees,ବଉଳ ଗଛ ,  ବଉଲ ଗଚ୍‌ 
ଗଛଲତା/trees,ଦେବଦାରୁ ଗଛ , ଦେବଦାରୁ ଗଚ୍‌ 
ଗଛଲତା/trees,ଲେମ୍ଭୁଗଛ ,  ଲିମୁ ଗଚ୍‌ 
ଗଛଲତା/trees,ବରକୋଲି ଗଛ , ବୋରି ଗଚ୍‌ 
ଗଛଲତା/trees,କଇଥ ଗଛ , କଇଥ ଗଚ 
ଗଛଲତା/trees,ଗୋପାଲ ଗଛ , ଗୁଲାବି ଗଚ୍‌ 
ଗଛଲତା/trees,ଗୋଲାପ ଜାମୁଗଛ , ଗୁଲାବିଜାମୁ 
ଗଛଲତା/trees,ପିଜୁଳିଗଛ , ଜାମଗଚ 
ଗଛଲତା/trees,ଅର୍ଜୁନ ଗଛ , ପାନି ସାହାଜ 
ଗଛଲତା/trees,ନାଗଫେଣି , ନାଗଫେନି 
ଗଛଲତା/trees,କାଠଚମ୍ପା ଗଛ , ଶହେଟକିଆ ଗଚ୍‌ 
ଗଛଲତା/trees,ଶାଗୁଆନ ଗଛ , ଟେକ୍‌ ଗଚ୍‌ 
ଗଛଲତା/trees,ବବୁଲ ଗଛ , ବବୁଲ ଗଚ୍‌ 
ଗଛଲତା/trees,ତେନ୍ତୁଳି ଛ , ତେତ୍‌ଲି ଗଚ୍‌ 
ଗଛଲତା/trees,ବରଗଛ ,  ବରଗଚ୍‌ 
ଗଛଲତା/trees,କଦମ୍ଭ ଗଛ , କଦ୍‌ମ ଗଚ୍‌ 
ଗଛଲତା/trees,ପଲାଶ ଗଛ , ବଦଲି ଗଚ୍‌ 
ଗଛଲତା/trees,ଶିଶୁଗଛ ,  ଶିଶୁଆ ଗଚ୍‌ 
ଗଛଲତା/trees,କଣ୍ଟା ଗଛ ,  କାଟା ଗଚ୍‌ 
ଗଛଲତା/trees,ଲାଜକୁଳି ,  ଲାଜକୁଲି 
ଗଛଲତା/trees,କପାଗଛ ,  କାପା ଗଚ୍‌ 
ଗଛଲତା/trees,କାଠ , ଦାରୁ 
ଗଛଲତା/trees,କନ୍ଦ , କାନ୍ଦା 
ଗଛଲତା/trees,ଲତା , ଲାଟାମାଳ 
ଗଛଲତା/trees,ଗବଗଛ , ଜଡ଼ାଗଛ 
ଗଛଲତା/trees,ଦୂବ ,  ଦୂବ ଝାଡ଼ 
ଗଛଲତା/trees,ନଡ଼ା ,  ପିରି/ ପିଆଲ 
ଗଛଲତା/trees,ଗମ୍ଭୀରଗଛ , ଗମାରୀ ଗଚ 
ଗଛଲତା/trees,ଗଦ ଗଛ , ଗ୍ଗଛ 
ଗଛଲତା/trees,ଛଣ ପଟ , ଶୁକୁଲି ପିରି 
ଗଛଲତା/trees,ଛତୁ , ଛାତି 
ଗଛଲତା/trees,ନଳିତା / ଝୋଟ , କାଉରିଆ 
ଫୁଲ/flowers,ଫୁଲ ,  ଫୁଲ୍‌ 
ଫୁଲ/flowers,କଡ଼ି , ଡୁଣି 
ଫୁଲ/flowers,କେଶର , ବଗା 
ଫୁଲ/flowers,ବୃନ୍ତ , ଡେଟି 
ଫୁଲ/flowers,ବଉଳ ,  ବଉଳ/ ଫୁଲ 
ଫୁଲ/flowers,ଫୁଲ ପାଖଡ଼ା , ଫୁଲ୍‌କେରା 
ଫୁଲ/flowers,ଫୁଲମାଳ ,  ଫୁଲମାଲ 
ଫୁଲ/flowers,ସୁବାସ , ବାସନା 
ଫୁଲ/flowers,ବାସିଫୁଲ ,  କାଲିର ଫୁଲ 
ଫୁଲ/flowers,ଫୁଲକୁଣ୍ଡ , ପୁଲକୁଣ୍ଡ 
ଫୁଲ/flowers,ଅପରାଜିତା , ପାରିଜାତ 
ଫୁଲ/flowers,କଇଁ , କଇଁ 
ଫୁଲ/flowers,କରବିର , କରିବାର 
ଫୁଲ/flowers,କାମିନୀ , କାମିନୀ 
ଫୁଲ/flowers,କନ୍ଦ , କୁନ୍ଦ 
ଫୁଲ/flowers,କୃଷ୍ଠଚୂଡ଼ା ,  କୃସନ୍ଚୁଡ଼ା 
ଫୁଲ/flowers,କେତକି ,  କେତକୀ 
ଫୁଲ/flowers,ଗେଣ୍ଡା , ମାଣ୍ଡାଫୁଲ 
ଫୁଲ/flowers,ଚମ୍ପା , ଚପାଫୁଲ 
ଫୁଲ/flowers,ଜାଭା , ଜାଉ 
ଫୁଲ/flowers,ଟଗର , କେରାଟ୍‌ 
ଫୁଲ/flowers,ଦୁଦୁରା , ଦୁଦୁରା 
ଫୁଲ/flowers,ପଦ୍ମନ , ପଦୁଅ 
ଫୁଲ/flowers,ମନ୍ଦାର , ମନ୍ଦାର ଫୁଲ୍‌ 
ଫୁଲ/flowers,ମଲ୍ଲି ,  ମଲିଫୁଲ୍‌ 
ଫୁଲ/flowers,ମାଳତୀ , ମାଲତୀ ଫୁଲ 
ଫୁଲ/flowers,ଯୁଇଁ ,  ଜୁଇଫୁଲ 
ଫୁଲ/flowers,ଶେଫାଳି ,  ଖରସାଲି 
ଫୁଲ/flowers,ସୂର୍ଯ୍ୟମୂଖୀ , ସୁରଜ ମୁଖୀ 
ଫୁଲ/flowers,ବଗିଗ୍ନ , ବାଡ଼ 
ଫୁଲ/flowers,ଡାଲିଆ , ଢାଲିଆ 
ଫଳ/fruits,ଫଳ , ଫଲ 
ଫଳ/fruits,କଞ୍ଚାଫଳ ,  କାଚାଫଳ 
ଫଳ/fruits,ତଟକା ଫଳ , ସଜ ତଲ୍‌ବା ଫଲ୍‌ 
ଫଳ/fruits,ପାଚିଲାଫଳ , ପାକଲା ଫଲ 
ଫଳ/fruits,ଫଳରସ ,  ଫଲରସ 
ଫଳ/fruits,ଟାକୁଆ , ଟାକୁ 
ଫଳ/fruits,ଗୋଛା , ଝୁପା 
ଫଳ/fruits,ଆମ୍ଭ , ଆମ୍‌ 
ଫଳ/fruits,ସେଓ ,  ଏପୁଲ 
ଫଳ/fruits,କଦଳୀ ,  କଦଲୀ 
ଫଳ/fruits,ପାଚିଲାକଦଳୀ , ପାକଲା କଦଲୀ 
ଫଳ/fruits,କିସ୍‌ମିସ୍‌ , କିସ୍‌ମିସ୍‌ 
ଫଳ/fruits,କୋଳି ,  କୋଲି 
ଫଳ/fruits,ଗୁଆ , ଗୁଆ 
ଫଳ/fruits,ଡିମିରି , ତୁମୁରୀ 
ଫଳ/fruits,ତରଭୁଜ ,  କର୍ଭୁଜା 
ଫଳ/fruits,ତେନ୍ତୁଳି ,  ତେତ୍ଲି 
ଫଳ/fruits,ପିଜୁଳି , ଜାମ୍‌ 
ଫଳ/fruits,ବାଦାମ ,  ଚେର୍ଚନା 
ଫଳ/fruits,ଲିଚୁ , ଲିଚୁ 
ଫଳ/fruits,କାଜୁବାଦାମ୍‌ , ଭାଲିଆ 
ଫଳ/fruits,କନ୍ଦମୂଳ , ମିଟାକାନ୍ଦା 
ସର୍ବନାମ/pronoun,ମୁଁ , ମୁଇଁ 
ସର୍ବନାମ/pronoun,ଆମେ , ଆମେ 
ସର୍ବନାମ/pronoun,ଆମ୍ଭେମାନେ , ଆମେମନ୍‌ 
ସର୍ବନାମ/pronoun,ତୁ , ତୁଇ 
ସର୍ବନାମ/pronoun,ତୁମ୍ଭେମାନେ , ତମେମନ୍‌ 
ସର୍ବନାମ/pronoun,ସେ , ସେ 
ସର୍ବନାମ/pronoun,ସେମାନେ ,  ସେମନ୍‌ 
ସର୍ବନାମ/pronoun,ଏଏହି/ ଏହା , ଏ/ ଏଟା 
ସର୍ବନାମ/pronoun,ଏହିମାନେ/ଏଗୁଡ଼ିକ୍‌ ଏମନ୍‌ ଏଟାମନ୍‌ , ଏଟାମନ୍‌ କାଇ ଜିନିସ୍‌ ଆୟୀ ?
ସର୍ବନାମ/pronoun,ସେହି/ତାହା , ସେ ସେଟା 
ସର୍ବନାମ/pronoun,ସେହିମାନେ , ସେମନ୍‌ 
ସର୍ବନାମ/pronoun,ସେଗୁଡ଼ିକ , ସେଟାମନ୍‌ 
ସର୍ବନାମ/pronoun,କିଏ ,  କନ୍‌ 
ସର୍ବନାମ/pronoun,କେଉଁମାନେ , କନ୍‌ମନ୍‌ 
ସର୍ବନାମ/pronoun,ୟେ ଯିଏ , ଯନ୍‌ 
ସର୍ବନାମ/pronoun,ଯନମନ୍‌ ,  ଯନ୍ମନ୍‌ 
ସର୍ବନାମ/pronoun,ଏହାଙ୍କର , ଆରଟା/ଏମନର 
ସର୍ବନାମ/pronoun,ଏହାକୁ , ଆକେ 
ସର୍ବନାମ/pronoun,ଏଗୁଡ଼ିକ , ଏଟାମନ୍‌ 
ସର୍ବନାମ/pronoun,ସେମାନଙ୍କୁ , ସେମନ୍‌କେ 
ସର୍ବନାମ/pronoun,ତାକୁ , ତାକେ 
ସର୍ବନାମ/pronoun,ତାଙ୍କୁ ,  ତାକେମନ୍‌କେ 
ସର୍ବନାମ/pronoun,ତୁମକୁ , ତମ୍‌କେ 
ସର୍ବନାମ/pronoun,ତୋତେ ,  ତକେ 
ସର୍ବନାମ/pronoun,ଆମକୁ ,  ଆମ୍‌କେ 
ସର୍ବନାମ/pronoun,ଆମ୍ଭମାନଙ୍କୁ , ଆମମନ୍‌କେ 
ସର୍ବନାମ/pronoun,ମୋତେ ,  ମୋକେ 
ସର୍ବନାମ/pronoun,କେତେକ ,  କେତେକ୍‌ 
ସର୍ବନାମ/pronoun,କେହି ,  କେ/ କେମ୍ନ୍‌ 
ସର୍ବନାମ/pronoun,ଏମାନଙ୍କର , ଏମନ୍‌ର 
ସର୍ବନାମ/pronoun,ତା'ର , ତାଂର୍‌ 
ସର୍ବନାମ/pronoun,ତାଙ୍କର ,  ତାକର 
ସର୍ବନାମ/pronoun,ସେମାନଙ୍କର , ସେମନ୍‌ର 
ସର୍ବନାମ/pronoun,ମୋର , ମର୍‌ଟା 
ସର୍ବନାମ/pronoun,ଆମ୍ଭର , ଆମର୍‌ 
ସର୍ବନାମ/pronoun,ତୁମ୍ଭର ,  ତମର 
ସର୍ବନାମ/pronoun,ଯାହାର , ଯାର 
ସର୍ବନାମ/pronoun,ଯେଉଁମାନଙ୍କର , ଯନ୍‌ମନ୍‌ର 
ସର୍ବନାମ/pronoun,ତା'ର/ ତାହାର , ଏ ସାଇକଲ୍‌ ତାରଟା 
ସର୍ବନାମ/pronoun,କେଉଁମାନଙ୍କର , କନମନ୍‌ର 
ସର୍ବନାମ/pronoun,ମୋ ପାଇଁ ,  ମୋରକାଜେ 
ସର୍ବନାମ/pronoun,ଆମ୍ଭମାନଙ୍କ ପାଇଁ , ଆମର୍‌କାଜେ 
ସର୍ବନାମ/pronoun,ତୋପାଇଁ ,  ତରକାଜେ 
ସର୍ବନାମ/pronoun,ତୁମପାଇଁ ,  ତମରକାଜେ 
ସର୍ବନାମ/pronoun,ତାଙ୍କପାଇଁ ,  ଚାକର କାଜେ 
ସର୍ବନାମ/pronoun,ସେମାନଙ୍କ ପାଇଁ , ସେମନ୍‌ର କାଜେ 
ସର୍ବନାମ/pronoun,ନିଜପାଇଁ ,  ନିଜରକାଜେ 
ବିଶେଷଣ/adjective,ସାବଧାନ ,  ଜାଗରତ୍‌ 
ବିଶେଷଣ/adjective,ସନ୍ଧ୍ୟା , ସଞ୍ଜ 
ବିଶେଷଣ/adjective,ବିଷାକ୍ତ , ବିଷ୍ଅଇବା 
ବିଶେଷଣ/adjective,ଜ୍ଞାନୀ ,  ଜାନିବାଲକ୍‌ 
ବିଶେଷଣ/adjective,ସାର୍ବଜନୀନ , ସବୁଲକ୍‌ର 
ବିଶେଷଣ/adjective,କଳହ ,  ଗେଲ୍ଦନ୍ଦ୍‌ 
ବିଶେଷଣ/adjective,କ୍ଷତି , ନସ୍‌ଟ 
ବିଶେଷଣ/adjective,ହତ୍ଯାକାରୀ , ନରମାରୁ 
ବିଶେଷଣ/adjective,ମନ , ମନ୍‌ 
ବିଶେଷଣ/adjective,କାମଚଳା ,  କାମ୍‌ ଚଲେଇବାଟା 
ବିଶେଷଣ/adjective,ଉଦ୍ୟମ , ଚେର୍‌ଷ୍ଟାକରୁ 
ବିଶେଷଣ/adjective,ଦେବୀ , ଦେବୀ 
ବିଶେଷଣ/adjective,ଦୟାଳୁ , ସେ ବଡ଼େ ଦୟାକରୁ 
ବିଶେଷଣ/adjective,ସଂସାର , ସଂସାର 
ବିଶେଷଣ/adjective,କୂଳ , କୁଲ୍‌ 
ବିଶେଷଣ/adjective,ଜିଜ୍ଞାସା , ଜାନିବାକେ ମନକରୁ 
ବିଶେଷଣ/adjective,ପ୍ରସିହ , ଡାକ୍ଫୁଟା 
ବିଶେଷଣ/adjective,ପ୍ରସନ୍ନ , ସାରଦା 
ବିଶେଷଣ/adjective,ବୁଛିମାନ , ଚତୁର 
ବିଶେଷଣ/adjective,ଗାୟକ , ଗୀତଚ୍‌କୁଡ଼ିଆ 
ବିଶେଷଣ/adjective,ଲୁଣିଆ , ଖରିଆ 
ବିଶେଷଣ/adjective,ଇଚ୍ଛା, ମନକର୍ବା 
ବିଶେଷଣ/adjective,ସୁଦ୍ଦର , ଡଉଲ/ ନିକ 
ବିଶେଷଣ/adjective,ଲୋଭୀ , ଲୁବ୍‌ରା 
ବିଶେଷଣ/adjective,ଦୁର୍ବଳ , କାଇଲା 
ବିଶେଷଣ/adjective,ପତଳା , ସୁକ୍‌ଟା/ପାତାଲା 
ବିଶେଷଣ/adjective,ଅନ୍ଧ , କାନା 
ବିଶେଷଣ/adjective,କାଲ , ଉଇରା 
ବିଶେଷଣ/adjective,ଛୋଟା , ଚଟା 
ବିଶେଷଣ/adjective,ମୂକ , କନ୍ଦା 
ବିଶେଷଣ/adjective,ବଣୁଆ , ବନୁଆ 
ବିଶେଷଣ/adjective,ମୋଟା , ମଟା 
ବିଶେଷଣ/adjective,ସାଧୁ , ସାଦୁ 
ବିଶେଷଣ/adjective,ଥଣ୍ଡା , କାକର 
ବିଶେଷଣ/adjective,ଗରମ , ତପ୍‌ଲା 
ବିଶେଷଣ/adjective,ବଡ଼ , ବଡ଼ଟା 
ବିଶେଷଣ/adjective,ଛୋଟ , ସାନ୍‌ ଚୋଟ୍‌ 
ବିଶେଷଣ/adjective,ଉଜଳ ,  ଉଜଲ୍‌ 
ବିଶେଷଣ/adjective,ମଇଳା ,  କଚ୍ରା 
ସ୍ଥାନବୋଧକ କ୍ରିୟାବିଶେଷଣ/ Place-related Adverb,ଏଠାରେ , ଇତି 
ସ୍ଥାନବୋଧକ କ୍ରିୟାବିଶେଷଣ/ Place-related Adverb,ସେଠାରେ , ସିତି/ ସିଟାନେ 
ସ୍ଥାନବୋଧକ କ୍ରିୟାବିଶେଷଣ/ Place-related Adverb,ନିକଟରେ , ଲଗେ 
ସ୍ଥାନବୋଧକ କ୍ରିୟାବିଶେଷଣ/ Place-related Adverb,ଦୂରରେ ,  ଦୂର୍କେ 
ସ୍ଥାନବୋଧକ କ୍ରିୟାବିଶେଷଣ/ Place-related Adverb,ଆଗରେ ,  ଆଗେ/ଚେମ 
ସ୍ଥାନବୋଧକ କ୍ରିୟାବିଶେଷଣ/ Place-related Adverb,ପଛରେ , ପଟଚେ/ପିଟିବାଟେ 
ସ୍ଥାନବୋଧକ କ୍ରିୟାବିଶେଷଣ/ Place-related Adverb,ପାର୍ଶ୍ଵ , ପାଲି 
କାଳବୋଧକ କ୍ରିୟାବିଶେଷଣ/Time-related Adverb,ବର୍ତମାନ , ଏବେ 
Interrogative particle,କଣ , କିସ୍‌/ କାଇଟା 
Preposition-like particle,ସହିତ , ସଙ୍ଗେ 
ନିପାତ/Particle,କେବଳ ,  ଆବ୍‌କା 
ନିପାତ/Particle,ପର୍ଯ୍ୟନ୍ତ , ଯାକେ 
Negative particle,ନୁହେଁ ,  ନା/ ନାଇ 
ଯୋଗବାଚକ/Conjunction,କିନ୍ତୁ , ମାତର୍‌/ ମିଶା 
Preposition-like particle,ପାଇଁ , ଲାଗି/ ପାଇଁ 
ବିଶେଷଣ/adjective,ଅଳ୍ପ, ଉନା/ କଣ୍ଡେକ୍‌/ ଗୁଡ଼ିକ୍‌ 
comparative adverb,ସେହିପରି/ସେହିଭଳି , ସେନ୍ତାର/ ସେପାରା 
କ୍ରିୟା/verb,ଯିବା , ଜୁ 
କ୍ରିୟା/verb,ଆସିବା , ଆସୁ 
କ୍ରିୟା/verb,ବସିବା , ବସୁ 
କ୍ରିୟା/verb,ଖାଇବା , ଖାଉ 
କ୍ରିୟା/verb,ପିଇବା ,  ଢୁକୁ 
କ୍ରିୟା/verb,ଦେଖ୍‌ବା , ଦେକୁ 
କ୍ରିୟା/verb,ଶୁଣିବା , ଶୁନୁ 
କ୍ରିୟା/verb,ଗରଲିବା , ହିଣ୍ଡୁ 
କ୍ରିୟା/verb,ରାନ୍ଧିବା , ରାନ୍ଦୁ 
କ୍ରିୟା/verb,ଶିଖୁବା , ଶିକୁ 
କ୍ରିୟା/verb,ଗାଇବା , ଗାଉ 
କ୍ରିୟା/verb,ନୃତ୍ଯ କରିବା , ନାଟକରୁ 
କ୍ରିୟା/verb,ଗାଧୋଇବା , ଗାଦାଉ/ ପାନିଦଉ 
କ୍ରିୟା/verb,ଖେଳିବା , ଖେଲୁ 
କ୍ରିୟା/verb,ଡ଼େଇବା , ତ଼ଗାଉ 
କ୍ରିୟା/verb,ଦାନ୍ତ ଘଷିବା , ଦାନ୍ତନ୍‌କରୁ 
କ୍ରିୟା/verb,ଦୌଡିବା , ପାଲାଉ 
କ୍ରିୟା/verb,ପାଣି ମଡ଼ାଇବା , ପାନି ଗ୍ୃପାଉ 
କ୍ରିୟା/verb,ପାଇବା , ମିଲାଉ 
କ୍ରିୟା/verb,ପାଛୁଡ଼ିବା , ପୁନୁ 
କ୍ରିୟା/verb,ହସିବା , ହସୁ 
କ୍ରିୟା/verb,କାନ୍ଦିବା , କାନ୍ଦୁ 
କ୍ରିୟା/verb,କହିବା , କଉ 
କ୍ରିୟା/verb,ଲେଖ୍‌ବା , ଲେକୁ 
କ୍ରିୟା/verb,ଗ୍ରଷ କରିବା , ହଲ୍‌କରୁ 
କ୍ରିୟା/verb,ଶୋଇବା , ଶେଉ 
କ୍ରିୟା/verb,ବିଶ୍ରାମ କରିବା , ତାକି କରିବସୁ 
କ୍ରିୟା/verb,କିଣିବା , ସେନୁ 
କ୍ରିୟା/verb,ଉଭର ଦେବା , ଉତିରକଉ 
କ୍ରିୟା/verb,ଆକ୍ରମଣ କରିବା, ମାରବାତା 
କ୍ରିୟା/verb,ଆଣିବା , ଆନୁ 
କ୍ରିୟା/verb,ଚଢିବା , ଚେଗୁ 
କ୍ରିୟା/verb,କାଟିବା , କାଟୁ 
କ୍ରିୟା/verb,ଲଢେଇ କରିବା , ଲାଗ୍ବା 
କ୍ରିୟା/verb,ଝୁଲାଇବା , ଆଲାଉ 
କ୍ରିୟା/verb,ସାହାଯ୍ଯ କରିବା , ଆସାଦ୍‌କରୁ 
କ୍ରିୟା/verb,ଜାଣିବା , ଜାନୁ 
କ୍ରିୟା/verb,ଦେଖ୍‌ବା , ଦେକ୍ବାଟା 
କ୍ରିୟା/verb,ବ୍ଯବହାର କରିବା , ବାଇବାଟା 
କ୍ରିୟା/verb,ମାନିବା , ମାନ୍‌ବାଟା 
କ୍ରିୟା/verb,ପଢିବା , ପଡୁ 
କ୍ରିୟା/verb,ଖୋଜିବା , ଖଜୁ 
କ୍ରିୟା/verb,ବିକ୍ରିକରିବା , ବିକୁ 
କ୍ରିୟା/verb,ଝାଡ଼ୁ କରିବା , ବାଡାନୁ 
କ୍ରିୟା/verb,ଆରମ୍ଭ କରିବା , ଆରମ୍‌କରୁ 
କ୍ରିୟା/verb,ପଠାଇବା , ପାଟାଉ 
କ୍ରିୟା/verb,ନେବା , ନେଉ 
କ୍ରିୟା/verb,ଇଛାକରିବା , ମନ୍‌ କର୍ବା 
କ୍ରିୟା/verb,ପିନ୍ଧିବା , ଓଡ଼ବା 
କ୍ରିୟା/verb,ଜିତିବା ,  ଜିତିବାଟା 
କ୍ରିୟା/verb,କାମ କରିବା , ପାଇଟିକରୁ 
କ୍ରିୟା/verb,କରିବା , କରୁ 
କ୍ରିୟା/verb,ପଡ଼ିଯିବା ,  ଅଦର୍ବାଟା 
କ୍ରିୟା/verb,ବନ୍ଦକରିବା , ତେବ୍‌ବା 
କ୍ରିୟା/verb,ବୁଣିବା , ବୁନ୍‌ବାଟା 
କ୍ରିୟା/verb,ଖର୍ଚ୍ଚକରିବା , ଖରଚ୍‌କରୁ 
ଅସ୍ତ୍ରଶସ୍ତ୍ର/weapons&armaments,ଖଣ୍ଡା , ଖାଣ୍ଡା 
ଅସ୍ତ୍ରଶସ୍ତ୍ର/weapons&armaments,କଟୁରୀ/ ଛୁରୀ , କାଟ୍ରା 
ଅସ୍ତ୍ରଶସ୍ତ୍ର/weapons&armaments,କାତି , କାତି 
ଅସ୍ତ୍ରଶସ୍ତ୍ର/weapons&armaments,ତୀର , କାଣ୍ଡ/ ଶର 
ଅସ୍ତ୍ରଶସ୍ତ୍ର/weapons&armaments,ଠେଙ୍ଗା , ଠେଙ୍କ 
ଅସ୍ତ୍ରଶସ୍ତ୍ର/weapons&armaments,ବନ୍ଧୁକ , ନଲୀ 
ଅସ୍ତ୍ରଶସ୍ତ୍ର/weapons&armaments,ଧନୁ , ଧନୁ 
ଅସ୍ତ୍ରଶସ୍ତ୍ର/weapons&armaments,ଟାଙ୍ଗିଆ , ଟେଙ୍ଗିଆ 
ଅସ୍ତ୍ରଶସ୍ତ୍ର/weapons&armaments,ଚାବୁକ୍‌ , କର୍ଡ଼ା 
ଅସ୍ତ୍ରଶସ୍ତ୍ର/weapons&armaments,ଦାଆ , ଇଲା 
ଅସ୍ତ୍ରଶସ୍ତ୍ର/weapons&armaments,ବାଡ଼ି , ଡାଙ୍ଗ 
ଅସ୍ତ୍ରଶସ୍ତ୍ର/weapons&armaments,ଲମ୍ଭାବାଉଶ , ଲାଟି 
ଅସ୍ତ୍ରଶସ୍ତ୍ର/weapons&armaments,ପନିକି , ପନ୍କି 
ଅସ୍ତ୍ରଶସ୍ତ୍ର/weapons&armaments,ପରଶୁ , ପର୍ଶୁଟାଙ୍କି 
ପଶୁ/animals,ଜନ୍ତୁ , ଜତୁ/ ପଶୁ/ ଜିଆଦ୍‌ 
ପଶୁ/animals,ପଶୁ , କୁକୁର 
ପଶୁ/animals,ବଣୁଆପଶୁ , ବନପଶୁ 
ପଶୁ/animals,ଗୃହପାଳିତ ପଶୁ , ଘରେ ପଶବା ପଶୁ 
ପଶୁ/animals,ଚତୁଷ୍ଵଦ , ଚାରଟା ଗୋଡ଼ ରେବାଟା 
ପଶୁ/animals,ଦ୍ବିପଦ ପ୍ରାଣୀ , ଦୁଇଟା ଗୋଡ଼ ରେବାଟା 
ପଶୁ/animals,ତୃଣଭୋଜୀ , ଘାସଖାଉ 
ପଶୁ/animals,ମାଂସାଶୀ , ମାଉସ୍‌ଖାଉ 
ପଶୁ/animals,ଜଳଚର , ପାନି ଭିତରେ ରେବାଟା 
ପଶୁ/animals,ସ୍କଳଚର , ମାଟି ଉପରେ ରେବାଟା 
ପଶୁ/animals,ଅଖି , ଆଖି 
ପଶୁ/animals,କାନ , କାନ 
ପଶୁ/animals,ଶିଙ୍ଗ , ଶିଙ୍ଗ 
ପଶୁ/animals,ଲାଞ୍ଜ , ଲେଞ୍ଜ 
ପଶୁ/animals,ଗୋଡ଼ , ଗୋଡ଼ 
ପଶୁ/animals,ଖୁରା , ଖୁରା 
ପଶୁ/animals,ପଦ୍ମା , ଦୂଦ୍‌ 
ପଶୁ/animals,ଚମଡ଼ା , ଗମ୍‌ 
ପଶୁ/animals,ଥୋମଣି , ଥମନା 
ପଶୁ/animals,ଗୁହାଳ , ଗରୁଶାଲ୍‌ 
ପଶୁ/animals,ଘୋଡ଼ାଶାଳ , ଘୋଡ଼ା ଶାଲ୍‌ 
ପଶୁ/animals,ଲୋମ , ରୁମ୍‌ 
ପଶୁ/animals,ପଘା ,  ଡର୍‌ 
ପଶୁ/animals,କୁଣ୍ଡା , କଣ୍ଡା 
ପଶୁ/animals,ଘାସ , ଘାସ୍‌ 
ପଶୁ/animals,ହାତୀଦାନ୍ତ , ହାତୀଦାତ୍‌ 
ପଶୁ/animals,କୁକୁର ଛୁଆ , କୁକୁର ପିଲା 
ପଶୁ/animals,ଘୋଡ଼ାଛୁଆ , ଘୋଡ଼ାପିଲା 
ପଶୁ/animals,ଛେଳିଛୁଆ , ଛେଲିପିଲା 
ପଶୁ/animals,ଠେକୁଆଛୁଆ , ଖାଡ଼ା ପିଲା 
ପଶୁ/animals,ବିରାଡ଼ିଛୁଆ , ବଦିଲେଇପିଲା 
ପଶୁ/animals,ହରିଣଛୁଆ , ସମର ପିଲା 
ପଶୁ/animals,ବାଛୁରୀ , ବାଚୀ 
ପଶୁ/animals,ଓଟ , ଉଟ୍‌ 
ପଶୁ/animals,ମୃଗ , ସମର୍‌ 
ପଶୁ/animals,କଲରା ପତ୍ରିଆ , କାର୍ଲା ପତ୍ରିଆ 
ପଶୁ/animals,କୋକିଶିଆଳ , କଲିଆ 
ପଶୁ/animals,ଗଧ , ଗଦ 
ପଶୁ/animals,ଗୟଳ , ଗଇଲ୍‌ 
ପଶୁ/animals,ଗାଭ , ଗାୟ 
ପଶୁ/animals,ଗଧ୍‌ଆ , ଗଦ୍‌ ତୂରକା 
ପଶୁ/animals,ଘୁଷୁରୀ , ଘୁଷରୀ 
ପଶୁ/animals,ଘୋଡ଼ା , ଘୋଡ଼ା 
ପଶୁ/animals,ଚିତାବାଘ ,  ଚିତାବାଘ୍‌ 
ପଶୁ/animals,ଚୂଟୁନ୍ଦ୍ର , ଚୁଝୁନ୍ଦର 
ପଶୁ/animals,ଚୁଟିଆମୃୂଷା , ଚୁଟିଆ ମୃଷା 
ପଶୁ/animals,ଛଡ଼ା , ବାଛି 
ପଶୁ/animals,ଝିଙ୍କ , ସାଇ 
ପଶୁ/animals,ଠେକୁଆ , ଖାଡ଼ା 
ପଶୁ/animals,ନେଉଳ , ଟିଲୁମୃଷା 
ପଶୁ/animals,ବଳଦ ,  ଦଲଦ 
ପଶୁ/animals,ବଡ଼ମୃଷା , ବଡ଼ମୃଷା 
ପଶୁ/animals,ବାନର , ହନୁ 
ପଶୁ/animals,ବଣମଣିଷ , ବନ୍‌ ନର 
ପଶୁ/animals,ବାଘ , ବାଘ୍‌ 
ପଶୁ/animals,ବାଘୁଣି , ବାଘନି 
ପଶୁ/animals,ଭାଲୁ , ବାଲୁ 
ପଶୁ/animals,ମେଣ୍ଢା , ମେଣ୍ଡା 
ପଶୁ/animals,ମେଣ୍ଟୀ , ମେଣ୍ଡୀ 
ପଶୁ/animals,ମଇଁଷି , ମଇଁଷି 
ପଶୁ/animals,ସମ୍ଭର ,  ସମର୍‌ 
ପଶୁ/animals, ଷଣ୍ଢ , ଷଣ୍ଢ 
ପକ୍ଷୀ/birds,ଓଟପକ୍ଷୀ , ଉଟଚେଡ଼େ 
ପକ୍ଷୀ/birds,କପୋତ , ପାଣ୍ଡକା 
ପକ୍ଷୀ/birds,କାଉ , କାଉ 
ପକ୍ଷୀ/birds,କାଠହଣା , ଗଛକାଟୁ 
ପକ୍ଷୀ/birds,କୁକୁଡ଼ା , କୁକୁଡ଼ା 
ପକ୍ଷୀ/birds,ମାଭ କୁକୁଡ଼ା , ପେଟି 
ପକ୍ଷୀ/birds,କୋଇଲି ,  କୁମାଟି 
ପକ୍ଷୀ/birds,ଗୁଣ୍ଡୁଚୀ , ଗୁଣ୍ଡଚୀ 
ପକ୍ଷୀ/birds,ଘରଚଟିଆ , ଘର ଚେତେ 
ପକ୍ଷୀ/birds,ଚିଲ , ଗୀଦ୍‌ 
ପକ୍ଷୀ/birds,ଛଞ୍ଚାଣ , ଛାଞ୍ଚାଣ 
ପକ୍ଷୀ/birds,ହରଡଚତେଇ , ଅରଡଚତେଇ 
ପକ୍ଷୀ/birds,ହଂସ , ହସ୍‌ 
ପକ୍ଷୀ/birds,ପେଚା , କୁମା 
ପକ୍ଷୀ/birds,ବଗ , କକେଡ଼ା 
ପକ୍ଷୀ/birds,ବଣି , ରାମ 
ପକ୍ଷୀ/birds,ବାଦୁଡ଼ି ,  ଗାଦ୍ଲା 
ପକ୍ଷୀ/birds,ମୟୂର , ମଜୁର୍‌ 
ପକ୍ଷୀ/birds,ମାଛରଂକା , ପାନିହସ୍‌ 
ପକ୍ଷୀ/birds,ରାଜହଂସ , ରାଜ୍‌ହସ୍‌ 
ପକ୍ଷୀ/birds,ଶୁଆ , ଶୁଆ 
ପକ୍ଷୀ/birds,ହଳଦୀ ବସନ୍ତ , ହଲଦି ବସନ୍ତ 
ପକ୍ଷୀ/birds,ଅଣ୍ଡା , ଗାର 
ପକ୍ଷୀ/birds,ଥଣ୍ଟ , ଚଣି 
ପକ୍ଷୀ/birds,ପର , ପକ୍ଷୀ 
ପକ୍ଷୀ/birds,ବସା , ବସା 
ପକ୍ଷୀ/birds,ମୟୂର ,  ମଜୁର 
ଅଂଗପ୍ରତ୍ୟଙ୍ଗ/body parts,ମୁଣ୍ଡଗଣ୍ଡି , ମୁଣ୍ଡଗଣ୍ଡି 
ଅଂଗପ୍ରତ୍ୟଙ୍ଗ/body parts,ମୁହଁ , ମୁଁ 
ଅଂଗପ୍ରତ୍ୟଙ୍ଗ/body parts,ପାଟି , ଟଣ୍ଡ 
ଅଂଗପ୍ରତ୍ୟଙ୍ଗ/body parts,ଆଖ୍‌ , ଆକି 
ଅଂଗପ୍ରତ୍ୟଙ୍ଗ/body parts,ଆଖୁପତା ,  ଆକିପତା 
ଅଂଗପ୍ରତ୍ୟଙ୍ଗ/body parts,ଦାନ୍ତ ,  ଦାତ୍‌ 
ଅଂଗପ୍ରତ୍ୟଙ୍ଗ/body parts,ଜିଭ ,  ଜିବ୍‌ 
ଅଂଗପ୍ରତ୍ୟଙ୍ଗ/body parts,କପାଳ ,  କପାଲ୍‌ 
ଅଂଗପ୍ରତ୍ୟଙ୍ଗ/body parts,ଖପୁରୀ ,  କିପ୍ରୀ 
ଅଂଗପ୍ରତ୍ୟଙ୍ଗ/body parts,ମସ୍ତିସ୍କ , ମତିସ୍‌ 
ଅଂଗପ୍ରତ୍ୟଙ୍ଗ/body parts,ଗାଲ , ଗାଲ୍‌ 
ଅଂଗପ୍ରତ୍ୟଙ୍ଗ/body parts,ବାଳ ,  ବାଲ୍‌ 
ଅଂଗପ୍ରତ୍ୟଙ୍ଗ/body parts,ଗଳା , ଗାଲା 
ଅଂଗପ୍ରତ୍ୟଙ୍ଗ/body parts,ବେକ , ଟଟ୍ରା 
ଅଂଗପ୍ରତ୍ୟଙ୍ଗ/body parts,ଛାତି , ଛାତି 
ଅଂଗପ୍ରତ୍ୟଙ୍ଗ/body parts,ଫୁସ୍‌ପୁସ୍‌ , କଲିଜା 
ଅଂଗପ୍ରତ୍ୟଙ୍ଗ/body parts,ପ୍ଲିହା , ଗୁଣ୍ଡିଆ 
ଅଂଗପ୍ରତ୍ୟଙ୍ଗ/body parts,ପେଟ , ପେଟ୍‌ 
ଅଂଗପ୍ରତ୍ୟଙ୍ଗ/body parts,କାନ୍ଧ , କାନ୍ଦ୍‌ 
ଅଂଗପ୍ରତ୍ୟଙ୍ଗ/body parts,ବାହୁ , ଡ଼େନା 
ଅଂଗପ୍ରତ୍ୟଙ୍ଗ/body parts,କହୁଣୀ , କଇନି 
ଅଂଗପ୍ରତ୍ୟଙ୍ଗ/body parts,ହାତ , ଆତ୍‌ 
ଅଂଗପ୍ରତ୍ୟଙ୍ଗ/body parts,ଆଙ୍ଗୁଠି , ଆଙ୍ଗଟି 
ଅଂଗପ୍ରତ୍ୟଙ୍ଗ/body parts,ବାମହାତ , ଡେବ୍ରିଆତ୍‌ 
ଅଂଗପ୍ରତ୍ୟଙ୍ଗ/body parts,ଡାହାଣ ହାତ , ବୁଜ୍ନିଆତ୍‌ 
ଅଂଗପ୍ରତ୍ୟଙ୍ଗ/body parts,ନାକ , ନାକ୍‌ 
ଅଂଗପ୍ରତ୍ୟଙ୍ଗ/body parts,ଓଠ , ଅଁଟି 
ଅଂଗପ୍ରତ୍ୟଙ୍ଗ/body parts,ଥୋଡ଼ି , ଝଡ଼ି 
ଅଂଗପ୍ରତ୍ୟଙ୍ଗ/body parts,ଘଣ୍ଟିକା , ଶବ୍କନାଲା 
ଅଂଗପ୍ରତ୍ୟଙ୍ଗ/body parts,ନଖ , ନକ୍‌ 
ଅଂଗପ୍ରତ୍ୟଙ୍ଗ/body parts,ବୁଦ୍ଧାଙ୍ଗୁଳି , ମାଇଆଙ୍ଗୁଟି 
ଅଂଗପ୍ରତ୍ୟଙ୍ଗ/body parts,ତର୍ଜନୀ , ବିଶ୍‌ଆଙ୍ଗଟି 
ଅଂଗପ୍ରତ୍ୟଙ୍ଗ/body parts,ମଧ୍ୟମା , ମଜିଆଙ୍ଗଟି 
ଅଂଗପ୍ରତ୍ୟଙ୍ଗ/body parts,ଅନାମିକା , ମୁଦିପିନ୍ଦା ଆଙ୍ଗଟି 
ଅଂଗପ୍ରତ୍ୟଙ୍ଗ/body parts,କନିଷ୍ଠା , ଚିଲିଆଙ୍କଟି 
ଅଂଗପ୍ରତ୍ୟଙ୍ଗ/body parts,ନାଭି , ବମରି 
ଅଂଗପ୍ରତ୍ୟଙ୍ଗ/body parts,ପିଠି , ପିଟି 
ଅଂଗପ୍ରତ୍ୟଙ୍ଗ/body parts,ମେରୁଦଣ୍ଡ , ପିଟିଆଡ଼ 
ଅଂଗପ୍ରତ୍ୟଙ୍ଗ/body parts,ଅଣ୍ଟା , ଆଣ୍ଟା 
ଅଂଗପ୍ରତ୍ୟଙ୍ଗ/body parts,କାଖ , କାକ୍‌ 
ଅଂଗପ୍ରତ୍ୟଙ୍ଗ/body parts,ଜଙ୍ଘ , ଜାଙ୍ଗ୍‌ 
ଅଂଗପ୍ରତ୍ୟଙ୍ଗ/body parts,ଚମଡ଼ା , ଗ୍ବମ୍‌ 
ଅଂଗପ୍ରତ୍ୟଙ୍ଗ/body parts,ଆଣ୍ଠୁ , ମାଣ୍ଡ 
ଅଂଗପ୍ରତ୍ୟଙ୍ଗ/body parts,ପାଦ , ପାଦ୍‌ 
ଅଂଗପ୍ରତ୍ୟଙ୍ଗ/body parts,ଗୋଇଠି , ଲେଡ଼ି 
ଅଂଗପ୍ରତ୍ୟଙ୍ଗ/body parts,ଶରୀର , ଗାଗଡ଼ା 
ଅଂଗପ୍ରତ୍ୟଙ୍ଗ/body parts,ନାଡ଼ି , ନାଡ଼ି 
ବେଶଭୂଷା/attire,ପୋଷାକ , ଡେରେସ୍‌ 
ବେଶଭୂଷା/attire,କାମିଜ୍‌ , କାମିଜ୍‌ 
ବେଶଭୂଷା/attire,କଠଉ , କଟଉ 
ବେଶଭୂଷା/attire,କମ୍ଭଳ , ସାଲ 
ବେଶଭୂଷା/attire,କୌପିନି , ଲେଙ୍ଗଟି 
ବେଶଭୂଷା/attire,କୋଟ , କୋଟ 
ବେଶଭୂଷା/attire,ଗାମୁଛା , ଛିଡ଼ା 
ବେଶଭୂଷା/attire,ଘଣ୍ଟା , ଘଡ଼ି/ ଘଣ୍ଠା 
ବେଶଭୂଷା/attire,ଗ୍ରଦର , ଟାଦର୍‌ 
ବେଶଭୂଷା/attire,ଛତା , ଛାତା 
ବେଶଭୂଷା/attire,ଯୋତା , ପାଣ୍ଡାୟ 
ବେଶଭୂଷା/attire,ଜାକେଟ , ଜାକେଟ୍‌ 
ବେଶଭୂଷା/attire,ଟୋପି ,  ଟୋପରି 
ବେଶଭୂଷା/attire,ତଉଲିଆ , ତବଲା 
ବେଶଭୂଷା/attire,ତକିଆ , ମୁଣ୍ଡଉଷା 
ବେଶଭୂଷା/attire,ଧୋତି , ଧୋତି 
ବେଶଭୂଷା/attire,ପଗଡ଼ି , ପଗ୍‌ଡ଼ି 
ବେଶଭୂଷା/attire,ପାଣ୍ଟ , ଚେଡ଼ି 
ବେଶଭୂଷା/attire,ପାନିଆ , ପାନିଆ 
ବେଶଭୂଷା/attire,ଫ୍ରକ , ଗାଉନ୍‌ 
ବେଶଭୂଷା/attire,ବର୍ଷାତି , ତାର୍‌ଲା 
ବେଶଭୂଷା/attire,ମୋଜା , ମଉଜା 
ବେଶଭୂଷା/attire,ବୁଟ୍‌ , ବୁଟ୍‌ 
ବେଶଭୂଷା/attire,ମଶାରି , ମଶାରି 
ବେଶଭୂଷା/attire,ରୁମାଲ , ରୁମାଲ 
ବେଶଭୂଷା/attire,ଲୁଙ୍ଗି , ଲୁଙିଂ 
ବେଶଭୂଷା/attire,ଶାଲ , ଶାଲ 
ବେଶଭୂଷା/attire,ସେମିଜ୍‌ , ସେମିଜ୍‌ 
ବେଶଭୂଷା/attire,ସାଯା , ଲାଙ୍ଗା 
ବେଶଭୂଷା/attire,ଶାଢୀ ,  ଫାଟାୟ 
ବେଶଭୂଷା/attire,ସୁଏଟର , ସୁଟେର୍‌ 
ବେଶଭୂଷା/attire,ପଇତା , ପଇତା 
ବେଶଭୂଷା/attire,ମୁକୁଟ ,  ମୁକୁଟ୍‌ 
ବେଶଭୂଷା/attire,କନ୍ଠା, କନ୍ତା 
ଅଳଙ୍କାର /ornaments,ଅଳଙ୍କାର , ସୁନାବାନା 
ଅଳଙ୍କାର /ornaments,ଅତର , ଅତର୍‌ 
ଅଳଙ୍କାର /ornaments,ଅଳତା , ଅଲତା 
ଅଳଙ୍କାର /ornaments,କାନଫୁଲ , କାନର ଫୁଲ / ପାତି 
ଅଳଙ୍କାର /ornaments,କବଚ ,  କାନର କବଚ 
ଅଳଙ୍କାର /ornaments,କୁଣ୍ଡଳ , କୁଣ୍ଡଲ୍‌ 
ଅଳଙ୍କାର /ornaments,ଚୂଡ଼ି , ଗାଜୁଲ 
ଅଳଙ୍କାର /ornaments,ଖଡୁ , ଖଡୁ 
ଅଳଙ୍କାର /ornaments,ହାର , ହାର 
ଅଳଙ୍କାର /ornaments,ମୁଦି , ମୁଦି 
ଅଳଙ୍କାର /ornaments,ବଳା , ଗାଗଲା 
ଅଳଙ୍କାର /ornaments,ଟିକିଲି ,  ଟିକଲି 
ଅଳଙ୍କାର /ornaments,ନାକଫୁଲ , ନାକରଟା 
ଅଳଙ୍କାର /ornaments,ଚିପୁଣି , ଚିପ୍‌ନା 
ଅଳଙ୍କାର /ornaments,ନୋଥ ,  ନେତ୍‌ 
ଅଳଙ୍କାର /ornaments,ଘୁଙ୍ଗୁର , ଗାଗୁଡ଼ି 
ଅଳଙ୍କାର /ornaments,ବାଜୁ , ବାଉଁଟା 
ଅଳଙ୍କାର /ornaments,ଲକେଟ , ଲକେଟ୍‌ 
ଅଳଙ୍କାର /ornaments,ପାଉଁଜି ,  ଫାଜୁଲ୍‌ 
ଅଳଙ୍କାର /ornaments,ପଦକ , ମିନା 
ଅଳଙ୍କାର /ornaments,ସୁମାଁ , ଆକିକାଜୁଲ୍‌ 
ଅଳଙ୍କାର /ornaments,ସାବୁନ , ସାବୁ 
ଅଳଙ୍କାର /ornaments,ପାନିଆ ,  ପନିଆଁ 
ଅଳଙ୍କାର /ornaments,ଦର୍ପଣ ,  ଦର୍ପନ୍‌ 
ଅଳଙ୍କାର /ornaments,ମୁଣ୍ଡଫିତା , ମୁଣ୍ଡଫିତା 
ସଂଖ୍ୟା ଗଣନା/numbers,ଏକ , ଏକ୍‌ 
ସଂଖ୍ୟା ଗଣନା/numbers,ଦୁଇ , ଦୁଇ 
ସଂଖ୍ୟା ଗଣନା/numbers,ତିନି , ଚିନ୍‌ 
ସଂଖ୍ୟା ଗଣନା/numbers,ଚାରି , ଗ୍ବର୍‌ 
ସଂଖ୍ୟା ଗଣନା/numbers,ପାଞ୍ଚ , ପାଞ୍ଚ 
ସଂଖ୍ୟା ଗଣନା/numbers,ଛଅ , ଛଅ 
ସଂଖ୍ୟା ଗଣନା/numbers,ସାତ , ସାତ୍‌ 
ସଂଖ୍ୟା ଗଣନା/numbers,ଆଠ , ଆଟ୍‌ 
ସଂଖ୍ୟା ଗଣନା/numbers,ନଅ , ନଅ 
ସଂଖ୍ୟା ଗଣନା/numbers,ଦଶ , ଦଶ 
ସଂଖ୍ୟା ଗଣନା/numbers,ଏଗାର , ଏଗାର 
ସଂଖ୍ୟା ଗଣନା/numbers,ବାର , ବାର୍‌ 
ସଂଖ୍ୟା ଗଣନା/numbers,ତେର , ତେର୍‌ 
ସଂଖ୍ୟା ଗଣନା/numbers,ଚୌଦ , ଚଉଦ 
ସଂଖ୍ୟା ଗଣନା/numbers,ପନ୍ଦର , ପନ୍ଦର 
ସଂଖ୍ୟା ଗଣନା/numbers,ଷୋଳ , ସଲ୍‌ 
ସଂଖ୍ୟା ଗଣନା/numbers,ସତର , ସତର୍‌ 
ସଂଖ୍ୟା ଗଣନା/numbers,ଅଠର , ଅଟର୍‌ 
ସଂଖ୍ୟା ଗଣନା/numbers,ଉଣେଶ , ଅନିସ୍‌ 
ସଂଖ୍ୟା ଗଣନା/numbers,ବିଶ , କୋଡ଼ି 
ଜ୍ଞାତି କୁଟୁମ/family&relatives,ପରିବାର ,  କୁଟୁମ୍‌ 
ଜ୍ଞାତି କୁଟୁମ/family&relatives,ବଂଶ ,  ବଇଁଶ 
ଜ୍ଞାତି କୁଟୁମ/family&relatives,ବନ୍ଧୁ , ଗତ / ବନ୍ଦୁ 
ଜ୍ଞାତି କୁଟୁମ/family&relatives,ଅଜା /ପଣ ଗୋସେଇଁ ବାପା , ଆନିଦାଦି 
ଜ୍ଞାତି କୁଟୁମ/family&relatives,ଆଇ / ପଣ ଗୋସେଇଁ ମା, ଆନିବାର 
ଜ୍ଞାତି କୁଟୁମ/family&relatives,ଜେଜେମା / ଆଇ , ବାଇ 
ଜ୍ଞାତି କୁଟୁମ/family&relatives,ବାପା , ବୁଆ/ ବାବା/ ବା 
ଜ୍ଞାତି କୁଟୁମ/family&relatives,ମା , ଆୟା/ମା 
ଜ୍ଞାତି କୁଟୁମ/family&relatives,ପୁଅ , ବେଟା 
ଜ୍ଞାତି କୁଟୁମ/family&relatives,ଝିଅ , ବେଟି 
ଜ୍ଞାତି କୁଟୁମ/family&relatives,ଭାଇ , ଭାଇ 
ଜ୍ଞାତି କୁଟୁମ/family&relatives,ଭଉଣୀ , ବଉନି 
ଜ୍ଞାତି କୁଟୁମ/family&relatives,ବଡ଼ ଭଉଣୀ , ବାଇ / ଆପା 
ଜ୍ଞାତି କୁଟୁମ/family&relatives,ସାନ ଭଉଣୀ , ନନି 
ଜ୍ଞାତି କୁଟୁମ/family&relatives,ସ୍ଵାମୀ , ମନୁଷ୍‌ 
ଜ୍ଞାତି କୁଟୁମ/family&relatives,ସ୍ବ , ମାଇଜି 
ଜ୍ଞାତି କୁଟୁମ/family&relatives,ବଡବାପା , ବଡ଼ୁ/ ବଡବାବା 
ଜ୍ଞାତି କୁଟୁମ/family&relatives,କକା / ଦାଦା , ସାନ୍ଟାବା 
ଜ୍ଞାତି କୁଟୁମ/family&relatives,ବଡ଼ମା ,  ବଡ଼ାଇ / ବଡ଼ଟା ଆୟା
ଜ୍ଞାତି କୁଟୁମ/family&relatives,ଖୁଡି / ମାଉସୀ , ନିନିମା 
ଜ୍ଞାତି କୁଟୁମ/family&relatives,ପିଉସା ମାମୁଁ / ଶ୍ବଶୁର , ମାମୁଁ
ଜ୍ଞାତି କୁଟୁମ/family&relatives,ପିଉସୀ/ ମାଇଁ / ଶାଶୁ , ମାଇଁ 
ଜ୍ଞାତି କୁଟୁମ/family&relatives,ଭାଉଜ ,  ବଡ଼ ବଉ 
ଜ୍ଞାତି କୁଟୁମ/family&relatives,ଭିଣୋଇ , ଭାଟ୍‌ 
ଜ୍ଞାତି କୁଟୁମ/family&relatives,ଭଣଜା , ବାନ୍ଜୀ 
ଜ୍ଞାତି କୁଟୁମ/family&relatives,ଦିଅର ,  ଦେଉର୍‌ 
ଜ୍ଞାତି କୁଟୁମ/family&relatives,ନଣନ୍ଦ , ନନି/ ନନଦ୍‌ 
ଜ୍ଞାତି କୁଟୁମ/family&relatives,ମାମୁଁ ପୁଅ ଭାଇ ,  ମେଏନା ଭାଇ 
ଜ୍ଞାତି କୁଟୁମ/family&relatives,ମାମୁଁଝିଅ ଭଉଣୀ , ମେଏନାବଉନୀ 
ଜ୍ଞାତି କୁଟୁମ/family&relatives,ସମୁଦି , ସମ୍ଦି 
ଜ୍ଞାତି କୁଟୁମ/family&relatives,ସାଙ୍ଗ/ ସାଥୀ/ ମିତ୍‌ , ମଇତର।/ମିତ୍‌ /ସଙ୍ଗାତ୍‌ 
ରଙ୍ଗ/colours,ରଙ୍ଗ , ବରନ 
ରଙ୍ଗ/colours,ଚିତ୍ର / ଛବି , ଚିତର / ବାନା 
ରଙ୍ଗ/colours,ରଙ୍ଗଦେବା , ବାନା ଦେବା 
ରଙ୍ଗ/colours,ଧଳା , ଧବ୍‌ 
ରଙ୍ଗ/colours,ଲାଲ୍‌ , ରଙ୍ଗ 
ରଙ୍ଗ/colours,ନୀଳ , ନୀଲିଆ 
ରଙ୍ଗ/colours,କଳା , କାଲିଆ 
ରଙ୍ଗ/colours,ଗାଢ଼କଳା , ବିଙ୍ଗ କାଲିଆ 
ରଙ୍ଗ/colours,ସବୁଜ , କଗପତ୍ରିଯା 
ରଙ୍ଗ/colours,ହଳଦିଆ , ହଲ୍ଦି 
ରଙ୍ଗ/colours,ଧୁସର , ମୁରକ 
ରଙ୍ଗ/colours,ମାଟିଆ , ମାଟିଆ 
ରଙ୍ଗ/colours,ଧଳା ଓ ମାଟିଆ ମିଶା , ମାଟୁଆ ଧବ୍‌ 
ରଙ୍ଗ/colours,ରଙ୍ଗବେରଙ୍ଗ , ଚିତ୍ର ବିଚିତ୍ର 
ରଙ୍ଗ/colours,କଳା ଓ ଧଳା ମିଶା , କାଲିଆ ଚିତର୍‌ ଧବ୍‌  
ରଙ୍ଗ/colours,କଲରା ପତ୍ରିୟା ରଂଗ, ବିଜୁ ଫୁଲିଆ 
ରଙ୍ଗ/colours,ମେଘୁଆ ନୀଳ , ବାଦ୍‌ଲିଆ 
ରଙ୍ଗ/colours,ବାଇଗଣ ରଙ୍ଗ , ବାଙ୍କୀ ରଙ୍ଗ 
ରଙ୍ଗ/colours,ଧଳା ଓ ଲାଲ ମିଶା , ସାକ୍ନି 
ରଙ୍ଗ/colours,ଫିକା ,  ପତଲା ରଙ୍ଗ୍‌ 
ରଙ୍ଗ/colours,ସୁନେଲି , ସୁନା ବରନ୍‌ 
ରଙ୍ଗ/colours,ଉଜଳ , ଉଜଲ 
ରଙ୍ଗ/colours,ଜାମୁକୋଳିଆ , ଜାମ୍‌କଲି 
ରଙ୍ଗ/colours,ଗୋରା , ପାଣ୍ଡରା 
ରଙ୍ଗ/colours,ବାଦାମୀ , ଚିନାବାଦାମ୍‌ 
ସମୟ /time,ସମୟ , ବେଲା 
ସମୟ /time,ସକାଳ , ସାକାଲ୍‌ 
ସମୟ /time,ପ୍ରଭାତ , ମୁଁଚିନାଚିନାବେଲା 
ସମୟ /time,ବଡ଼ିଭୋର ,  ବଡ଼େ ସାକାଲେ 
ସମୟ /time,ପ୍ରତ୍ୟୁଷ , କୁକୁଡ଼ା ଡାକେ 
ସମୟ /time,ମଧ୍ଯାହ୍ନ , ମଇଁ ଦାନ୍‌ 
ସମୟ /time,ଦିନଘ୧୦ଟାରୁ , ଟା ପେଜ୍‌ଦେଲା 
ସମୟ /time,ପୂର୍ବରୁ , ସାକାଲ ବେଲା 
ସମୟ /time,ଅପରାହ୍ନ , ଆଡ଼ବେଲା 
ସମୟ /time,ସଂଧ୍ଧା , ସଂଜ 
ସମୟ /time,ସୂର୍ଯ୍ୟୋଦୟ , ଉଦିଆ 
ସମୟ /time,ସୂର୍ପ୍ୟାସ୍ତ , ବେଲ୍‌ ବସ୍୍‌ଲାନି 
ସମୟ /time,ପହରେ , ପଚେ 
ସମୟ /time,ଦିନ , ଦିନ୍‌ 
ସମୟ /time,ରାତି , ରାତି 
ସମୟ /time,ସପ୍ତାହ ,  ଆଟପାଲି 
ସମୟ /time,ପଷ , ପାକ୍‌ 
ସମୟ /time,ମାସ , ମାସ୍‌ 
ସମୟ /time,ଘଣ୍ଟା , ଗଣ୍ଡ/ ଗଡ଼ି 
ସମୟ /time,ମିନିଟ୍‌ , ମିନିଟ୍‌ 
ଋତୁ/seasons,ଗ୍ରୀଙ୍ମଋତୁ , କାରାଦିନ୍‌ 
ଋତୁ/seasons,ବର୍ଷାଋତୁ ,  ବର୍ଷାଦିନ୍‌ 
ଋତୁ/seasons,ଶରତ ,  କାକରଦିନ୍‌ 
ଋତୁ/seasons,ଶୀତଋତୁ , ଶୀଚଦିନ୍‌ 
ମାସ/months,ବୈଶାଖ , ବିସାକ୍‌ 
ମାସ/months,ଜ୍ୟେଷ୍ଠ , ଲାଣ୍ଡି 
ମାସ/months,ଆଷାଢ , ଆସାତ୍‌ 
ମାସ/months,ଶ୍ରାବଣ , ବାନ୍ଦାପନ୍‌ 
ମାସ/months,ଭାଦ୍ରବ , ଅସା 
ମାସ/months,ଆଶ୍ଵିନ୍‌ , ଦଶରା 
ମାସ/months,କାର୍ଭିକ , ଦିଆଲି 
ମାସ/months,ମାର୍ଗଶୀର , ପଣ୍ଡ 
ମାସ/months,ପୌଷ , ପୁଷ 
ମାସ/months,ମାଘ , ମାଗ୍‌ 
ମାସ/months,ଫାଲ୍‌ଗୁନ , ଫଟଗୁନ୍‌ 
ମାସ/months,ଚେତ୍ର , ଚଇତ୍‌ 
ବାର/calendar,ରବିବାର , ରଯୟବାର୍‌ 
ବାର/calendar,ସୋମବାର , ସମର୍‌ 
ବାର/calendar,ମଙ୍ଗଳ ବାର , ମଙ୍ଗଲ୍‌ବାର୍‌ 
ବାର/calendar,ବୁଧବାର ,  ବୁଧ୍ବାର୍‌ 
ବାର/calendar,ଗୁରୁବାର , ଗୁର୍‌ବାର 
ବାର/calendar,ଶୁକ୍ରବାର , ଶୁକୁରବାର 
ବାର/calendar,ଶନିବାର , ଶନିବାର 
ବାର/calendar,ବାର୍ଷିକ ,  ବରଷକେ 
ବାର/calendar,ସାପ୍ତାହିକ ,  ସାତଦିନକେ 
ବାର/calendar,ଆସନ୍ତାବର୍ଷ , ଆୟବା ବରଷ୍‌ 
ବାର/calendar,ଗତବର୍ଷି ,  ଗାଲାବରଷ୍‌ 
ଦୂରତା (ଧୂର୍)/distance,ଦୂର , ଦୁର 
ଦୂରତା (ଧୂର୍)/distance,ନିକଟ , ପାଖେ 
ଦୂରତା (ଧୂର୍)/distance,ବହୁଦୂର , ବଡ଼େ ଦୂର୍‌ 
ଦୂରତା (ଧୂର୍)/distance,ଅକ୍ସ ଦୂର , ଖଣ୍ଡେକ୍‌ ଦୂର 
ଦୂରତା (ଧୂର୍)/distance,ପାଦେ , ଗୋଟେକ୍‌ ପାଦ୍‌ 
ଦୂରତା (ଧୂର୍)/distance,ସେ ପାଖ , ଥେନେ 
ଦୂରତା (ଧୂର୍)/distance,ଏପାଖ , ଏନେ 
ଦୂରତା (ଧୂର୍)/distance,ଏଠାରେ , ଇତି 
ଦୂରତା (ଧୂର୍)/distance,ସେଠାରେ , ସିତି 
ଦୂରତା (ଧୂର୍)/distance,କେଉଁଠାରେ , କନତି 
ଦୂରତା (ଧୂର୍)/distance,କେବେ , କେବେ 
ଦୂରତା (ଧୂର୍)/distance,କେତେବେଳେ , କେଡ଼େବେଲା 
ଦୂରତା (ଧୂର୍)/distance,ସେସମୟରେ , ସେଡ଼କିବେଲା 
ଦୂରତା (ଧୂର୍)/distance,ଡାହାଣ , ବୁଜ୍‌ନି 
ଦୂରତା (ଧୂର୍)/distance,ବାମ , ଡେବ୍‌ରି 
ଦୂରତା (ଧୂର୍)/distance,ପଛ , ପଛେ 
ଦୂରତା (ଧୂର୍)/distance,ସମ୍ମୁଖ , ମୁଁ ଆଗେ 
ଦୂରତା (ଧୂର୍)/distance,ଉପର , ଉଦକ୍‌ / ଉପର୍‌ 
ଦୂରତା (ଧୂର୍)/distance,ତଳ , ତଲ୍‌ 
ଦୂରତା (ଧୂର୍)/distance,ଯେଉଁଠାରେ , ଜେନେ 
ଦୂରତା (ଧୂର୍)/distance,କେଉଁଠାରେ , କେବେ 
ଦୂରତା (ଧୂର୍)/distance,ସମାନ , ସମାନ୍‌ 
ଦୂରତା (ଧୂର୍)/distance,ସ୍ଫ୍ଵାନ , ଜାଗା 
ଦିଗ /direction,ଦିଗ , ବାଟ 
ଦିଗ /direction,ପୂର୍ବ ଦିଗ , ଉଦିଆନି ବାଟ୍‌ 
ଦିଗ /direction,ପଶ୍ଚିମ ,  ବେଲ୍‌ବୁଡ଼ାବାଟ ଦିଗ 
ଦିଗ /direction,ଉତ୍ତର , ଉଭରବାଟ 
ଦିଗ /direction,ଦକ୍ଷିଣ , ଦକ୍ଷିଣ 
"ପୃଥ୍ବୀ, ଆକାଶ ଓ ପାହାଡ଼/ nature",ପୃଥୁବୀ , ପୁରତିବୀ 
"ପୃଥ୍ବୀ, ଆକାଶ ଓ ପାହାଡ଼/ nature",ଭୂମି , ଭୂଇଁ 
"ପୃଥ୍ବୀ, ଆକାଶ ଓ ପାହାଡ଼/ nature",ଜଗତ , ଜଗତ୍‌ 
"ପୃଥ୍ବୀ, ଆକାଶ ଓ ପାହାଡ଼/ nature",ଚାଷଜମି , ବେଡ଼ା 
"ପୃଥ୍ବୀ, ଆକାଶ ଓ ପାହାଡ଼/ nature",ପଦର , ଡଙ୍ଗର୍‌ 
"ପୃଥ୍ବୀ, ଆକାଶ ଓ ପାହାଡ଼/ nature",ପାହାଡ଼ଜମି , ମାଲାଡଙ୍ଗର 
"ପୃଥ୍ବୀ, ଆକାଶ ଓ ପାହାଡ଼/ nature",ଝରଣା , ଝଲା 
"ପୃଥ୍ବୀ, ଆକାଶ ଓ ପାହାଡ଼/ nature",ପାହାଡ଼ିଆ , ମାଳଭୂମି 
"ପୃଥ୍ବୀ, ଆକାଶ ଓ ପାହାଡ଼/ nature",ଉପତ୍ୟକା , ଝଲା ଭୂଇଁ 
"ପୃଥ୍ବୀ, ଆକାଶ ଓ ପାହାଡ଼/ nature",ପର୍ବତର ସମତଳ ଭୂମି , ଟିକରା ମାଲା ଡଙ୍ଗର୍‌ 
"ପୃଥ୍ବୀ, ଆକାଶ ଓ ପାହାଡ଼/ nature",ପର୍ବତ , ପର୍ବତ୍‌ 
"ପୃଥ୍ବୀ, ଆକାଶ ଓ ପାହାଡ଼/ nature",ଛୋଟ ପର୍ବତ , କୁପଲି 
"ପୃଥ୍ବୀ, ଆକାଶ ଓ ପାହାଡ଼/ nature",ବଡ଼ ପର୍ବତ , ବଡ଼ ପର୍ବତ୍‌ 
"ପୃଥ୍ବୀ, ଆକାଶ ଓ ପାହାଡ଼/ nature",ଗୁଝା , ପାର୍‌ 
"ପୃଥ୍ବୀ, ଆକାଶ ଓ ପାହାଡ଼/ nature",ପବନ , ପବନ୍‌ 
"ପୃଥ୍ବୀ, ଆକାଶ ଓ ପାହାଡ଼/ nature",ଧୂଳି , ଧୂଳି 
"ପୃଥ୍ବୀ, ଆକାଶ ଓ ପାହାଡ଼/ nature",କାଦୁଅ , କାଦ୍‌ 
"ପୃଥ୍ବୀ, ଆକାଶ ଓ ପାହାଡ଼/ nature",ପଥର , ପାକ୍ନା 
"ପୃଥ୍ବୀ, ଆକାଶ ଓ ପାହାଡ଼/ nature",ଗଛ , ଗଛ 
"ପୃଥ୍ବୀ, ଆକାଶ ଓ ପାହାଡ଼/ nature",ନଦୀ , ଗାଡ଼ / ନଦୀ 
"ପୃଥ୍ବୀ, ଆକାଶ ଓ ପାହାଡ଼/ nature",ସମୁଦ୍ର , ସମଦୂର 
miscellaneous,ହାତୀ , ଆତୀ 
miscellaneous,ବାଘ , ବାଘ 
miscellaneous,ମୂଷା , ଚୁଟିଆ 
miscellaneous,କଇଁଛ , କଚିମ୍‌ 
miscellaneous,ଜିରାଫ , ଜେଟ୍ରା 
miscellaneous,ମାଙ୍କଡ , ମାକଂଡ଼ 
miscellaneous,ଭଉଣୀ , ଭୟନୀ 
miscellaneous,ଚୁଟିଆ ମୂଷା , ଟିଲୁ ମୂଷା 
miscellaneous,ମୟୂର , ମଜୁର 
miscellaneous,ବଗ , କକେଡ଼ା 
miscellaneous,ମାଛ , ମାଛ୍‌ 
miscellaneous,ହରିଣ , ସମର୍‌ 
miscellaneous,ଭାଲୁ , ଭାଭୁ 
miscellaneous,ବେଙ୍ଗ , ବେଙ୍ଗଟି 
miscellaneous,ସାପ , ସାପ୍‌ 
miscellaneous,କୁମ୍ଭୀର , ମଗର 
miscellaneous,ଠେକୂଆ , ଖାଡା 
miscellaneous,କୋଇଲି , କୋଇଲି 
miscellaneous,ଭାଇ , ନାନା 
miscellaneous,ଭଉଣୀ , ଭୟନୀ 
miscellaneous,ଚାଉଳ , ଚାଉଳ 
miscellaneous,ଚୂନା , ଗୁଣ୍ଡ 
miscellaneous,କବାଟ , କପାଟ 
miscellaneous,କହିଲା , କୟଲା 
miscellaneous,ବାଘ , ବାଘ 
miscellaneous,ମାମୁ , ମାମୁଁ 
miscellaneous,ଆସ , ଆସା/ ଆୟ 
miscellaneous,ଚକୁଳି , ପିଠା 
miscellaneous,ଚଟଣୀ , ଚଟନୀ 
miscellaneous,ଚୌକି , କୁରଚି 
miscellaneous,ଉପରେ , ଉପରେ 
miscellaneous,ବସ , ବସା 
miscellaneous,ପଟି , ଟାଟି 
miscellaneous,ଟଗର , ଟଗର 
miscellaneous,ପନିକୀ , ପନକି 
miscellaneous,ଅରଟ , ଅରଟ 
miscellaneous,ମାଠିଆ , ହାଣ୍ଡି 
miscellaneous,ଚାମଚ , ଚାମଟ୍‌ 
miscellaneous,ବାଡ଼ି , ତାଙ୍ଗ 
miscellaneous,ଇଟା , ଇଟାମୁକା 
miscellaneous,ଚଟିଆ , ଚେଟିଆ 
miscellaneous,ଚପଲ , ପାଣ୍ଡାଇ 
miscellaneous,ଚାବି , କୁଚି 
miscellaneous,ଚଟୁ , ଚାଟୁ 
miscellaneous,ଚକ , ସିଲି 
miscellaneous,ଆଖ୍‌ , ଆକି 
miscellaneous,ଚଷମା , ଚଷମା 
miscellaneous,ବସିଛି ,  ବସ୍‌ଲା ଆଚେ 
miscellaneous,ତାଳି , ତାପଡି 
miscellaneous,ପାଟି , ଚଟଣ୍ଡ 
miscellaneous,ଟିକିଏ , କଠଣ୍ଡକା 
miscellaneous,ଖେଳୁଛି , ଖେଲଲାନୀ 
miscellaneous,ଚାଖୁଚି , ଚାକଲାନୀ 
miscellaneous,ବଣ , କମନ/ ଜଙ୍ଗଲ 
miscellaneous,ଭିତରେ , ଭିତରେ 
miscellaneous,ଝରଣା , ଝରଣା 
miscellaneous,ଝରଝର , ଝର ଝର 
miscellaneous,ପାଣି , ପାନି 
miscellaneous,ଝଲମଲ , ଚକ୍‌ ମକି 
miscellaneous,ମାଛ , ମାଛ 
miscellaneous,ଫଳମୂଳ , ଫଲମ୍ବଲ୍‌ 
miscellaneous,ଫକ୍‌ ଫକ୍‌ , ଫକ୍‌ ଫକ୍‌ 
miscellaneous,ଡିଆଁଡେଇଁ , ଡେଗା/ଡେଗି 
miscellaneous,ଛେଳି , ଛେଲି 
miscellaneous,ପାଖରେ , ଲଗେ 
miscellaneous,ଯାଉଥୁ୍‌ଲା , ଯାୟତେରେଲା 
miscellaneous,ଦେଖୁଲା , ଦେଖଲା 
miscellaneous,ମନ , ମନ୍‌ 
miscellaneous,ଡେଇଁ , ଡଗାଇ 
miscellaneous,ପଡ଼ିଲା , ଅଦର ଲା 
miscellaneous,ଦେହ , ଗାଗଡ଼ 
miscellaneous,ଗୋଡ଼ , ଗୋଡ଼ 
miscellaneous,ବାଜିଲା , ଦାୟଲା 
miscellaneous,ଗରଗର , ଗରଗର୍‌ 
miscellaneous,କାମୁଡ଼ି , ଚାବଲା 
miscellaneous,ଭୟ , ଡର 
miscellaneous,ବାହାରି , ଭାରଲା 
miscellaneous,ଦିନ୍‌ , ଦିନ୍‌ 
miscellaneous,ନାହିଁ , ନାଇଁ 
miscellaneous,ମୟୂର , ମଜୁର 
miscellaneous,ଝରକା , ଖଡକି 
miscellaneous,ଗଛ , ଗଛ 
miscellaneous,ବଗ , କକେଡା 
miscellaneous,ମଟର , ମଟର 
miscellaneous,ଗରା , ପାଣ୍ଡରା 
miscellaneous,ପର , ପକ୍ଷୀ 
miscellaneous,ଝୁମୁକା , ଝୁମ୍‌କା 
miscellaneous,ମଗର , ମଗର 
miscellaneous,ମକା , ଜନା 
miscellaneous,ଅରଟ , ଅରଟ 
miscellaneous,ଝାଡୁ , ବାଡନୀ 
miscellaneous,କଦଳୀ , କଦଲୀ 
miscellaneous,କମଳା , କମଲା 
miscellaneous,କାନ , କାନ 
miscellaneous,ନଖ , ନକ 
miscellaneous,ନଳ , ନାଲା 
miscellaneous,କର , କର 
miscellaneous,ଟଗର ଫୁଲ , ଟଗର ଫୁଲ 
miscellaneous,ମାଠିଆ , ହାଣି 
miscellaneous,କପ୍‌ , କାପୁ 
miscellaneous,ଧୂପକାଠି , ଧୂପକାଟି 
miscellaneous,ଆଖ୍‌ , ଆକି 
miscellaneous,କମ୍ୟୁଟର , କମ୍ପୁଟର 
miscellaneous,ଛ୍ଞ୍ଚ , ସୁଜୀ 
miscellaneous,ଇଞ୍ଜେକସନ୍‌ , ଇଞ୍ଜିସେନ୍‌ 
miscellaneous,ବହି , ବଇ 
miscellaneous,ଦାନ୍ତ , ଦାତ 
miscellaneous,ନିଆଁ , ଜୟ 
miscellaneous,ଚପଲ , ପାଣ୍ଡାଇ 
miscellaneous,ତୁଳି , ଭୁରୁଷ 
miscellaneous,ମୋବାଇଲ , ମବେଲ 
miscellaneous,ପେନ , ପେନ 
miscellaneous,ରେଡ଼ିଓ , ରେଡ଼ିଓ 
miscellaneous,ଛାଡ଼ିଲେ , ଛାଡଲାୟେ 
miscellaneous,ଡାକ , ଡାକ୍‌ 
miscellaneous,ବେଲୁନ୍‌ , ଫୁଟକା 
miscellaneous,ଦେଇ , ଦେଇ 
miscellaneous,ନାଲିଆ , ନିଲିଆ 
miscellaneous,ଖେଳିଲେ ,  ଖେଲ୍ଲାୟେ 
miscellaneous,ଖେଳ , ଖେଲ 
miscellaneous,ଧରି , ଧେରିକରି 
miscellaneous,ଗେଲ , ଲାଡ଼ 
miscellaneous,ଆଠ , ଆଟ 
miscellaneous,ଏକାଠି , ଗଟେକଥାନେ 
miscellaneous,ଯୋଡ଼ି , ଜୁଲି 
miscellaneous,ଦେଲେ ,  ଦେଲାୟେ 
miscellaneous,ଆକାଶେ , ବାଦଲେ 
miscellaneous,ଫାଟିଲା , ଫୁଟଲା 
miscellaneous,ବଗ , କକେଡ଼ା 
miscellaneous,ତାଳ , ଡାଲ 
miscellaneous,ନଳ , ନାଲ 
miscellaneous,ଓଟ , ଓଟ 
miscellaneous,ଆତ ,  ଚିତାଫଲ 
miscellaneous,ପିଆଜ , ପିଆଜ 
miscellaneous,କଲମ , ପେନ୍‌ 
miscellaneous,ପାଟି , ଚଣ୍ଡ 
miscellaneous,ବାଳ , ବାଲ 
miscellaneous,ଗଲାଣି ,  ଗାଲକେ 
miscellaneous,ମୋର , ମୋରଟା 
miscellaneous,ମୋତେ , ମୋକେ 
miscellaneous,ଡାକିବେ , ଡାକ୍ବାୟେ 
miscellaneous,କଥା , କାତା 
miscellaneous,ପଗରେ ,  ପାଚାର 
miscellaneous,ଡାକି ଦେଲେ ,  କଇଦେଲାୟ 
miscellaneous,ତାହାକୁ , ତାକେ 
miscellaneous,କଅଣ , କାୟଟା 
miscellaneous,ଅରଖ , ଅରଖ 
miscellaneous,ଅସରପା , ଜୁରଡ଼ା 
miscellaneous,ଆମର , ଆଗରଟା 
miscellaneous,ଅଜା , ଦାଦି 
miscellaneous,ଅକ୍ସ , ଅଲପ 
miscellaneous,ଅନେକ , କେତେକ 
miscellaneous,ବାଟ , ସଡ଼କ 
miscellaneous,ଗାର , ଗିରା 
miscellaneous,ଚକ , ଚକା 
miscellaneous,କାଟ , କାଞ୍ଚି 
miscellaneous,ଝାଳ , ଝାଲ 
miscellaneous,ମକା , ଜନା 
miscellaneous,ମାଛି , ମଟି 
miscellaneous,ଚାମଟ , ଚାମଟା 
miscellaneous,ବରଷ , ବରଷ୍ 
miscellaneous,ଦିନେ , ଗଟେକ ଦିନେ 
miscellaneous,ପାଠଶାଳା , ପାଠପଡ଼ିବା ଘର 
miscellaneous,ଯିବା , ଜୁ 
miscellaneous,ବାହାରିଲା , ଭାରଲା 
miscellaneous,ହାଟ , ହାଟ 
miscellaneous,ଭାବିଲ , ଭାବଲା 
miscellaneous,ଟିକିଏ , ଖାଣ୍ଡେ 
miscellaneous,ଗଲା , ଗାଲା 
miscellaneous,ଦେଖୁଲା , ଦେଖିଲା 
miscellaneous,କରତ , କରତ 
miscellaneous,ହାତ , ହାତ 
miscellaneous,ତାଳ , ତାଲ 
miscellaneous,ଦାଆ , ଇଲା 
miscellaneous,ପଣଷ , ଫନସ୍‌ 
miscellaneous,ରସୁଣ , ଲସୁନ୍‌ 
miscellaneous,ବାଇଗଣ , ବାଙ୍ଗା 
miscellaneous,ଛତା , ଛାତା 
miscellaneous,ମାଛ , ମାଛ 
miscellaneous,ବେଲା , ତାବ୍ଲା 
miscellaneous,ଗପ ,  କାତାନୀ 
miscellaneous,ଚଣା , ଗନା 
miscellaneous,ପାନ , ପାନ୍‌ 
miscellaneous,କଲରା ,  କରଲା 
miscellaneous,ବଣ , କମନ 
miscellaneous,ରାଜ , ରାଜା 
miscellaneous,ଭୋଜି , ଭୋଜି 
miscellaneous,ପରଜା , ପରଜା 
miscellaneous,ଖାଇବେ , ଖାୟବାଯେ 
miscellaneous,ଡାକରା , ଡାକରା 
miscellaneous,ବାହାରିଲେ , ବାରଲାୟେ 
miscellaneous,ଡାଲା , ଡାଲା 
miscellaneous,ଧରିଥୁଲେ , ଧେରିରେଲାୟେ 
miscellaneous,ଜଟା , ଜାଟା 
miscellaneous,ଜାଲ , ଜାଲ 
miscellaneous,ଜିଭା , ଜିଭ 
miscellaneous,ଖତ , ଖତ୍‌ 
miscellaneous,ଗଧ , ଗଧ 
miscellaneous,ଜଳ , ପାନି 
miscellaneous,ଧନୁ , ଧୁନୁ 
miscellaneous,ହୋଇଥାଏ , ହେୟସି 
miscellaneous,ଗୋଲାପ , ଗୁଲାପ୍‌ 
miscellaneous,ପଛରେ , ପଟେ 
miscellaneous,ଚାଲୁଥାଏ , ହିଣ୍ଡତେ ରେଲା 
miscellaneous,ଆସିଲା , ଆଯଲା 
miscellaneous,ଢୋଲ , ଢୋଲବାଜା 
miscellaneous,ଡଙ୍ଗା , ଡଙ୍ଗା 
miscellaneous,ଶୀତ , କାକର 
miscellaneous,ବିଛଣା , ଅଚନା 
miscellaneous,ଉଷୁମ୍‌ , ଉଷୁମ୍‌ 
miscellaneous,ଶୋଇଥୁଲେ , ଶୋଇରେଲାୟ 
miscellaneous,ଦେଖୁଲେ ,  ଦେଖ୍ଲାୟ 
miscellaneous,ଶୋଇବାଘର , ଶୟବା ଘର 
miscellaneous,ଭୁଷୁଡ଼ିଗଲା , ବସ୍‌ଲିଗାଲ 
miscellaneous,ବେଳ , ବେଲ 
miscellaneous,ଉଠିପଡ଼ିଲେ , ଉଠିଗାଲାପ 
miscellaneous,ବାଟ , ବାଟ୍‌ 
miscellaneous,ସତର , ସତର 
miscellaneous,ପଇସା , ଡାବୁ 
miscellaneous,ସାତ , ସାତ୍‌ 
miscellaneous,ଛକ , ଛକ୍‌ 
miscellaneous,ବଣ , କମନ୍‌ 
miscellaneous,ତୋର , ତୋର 
miscellaneous,କଳ , କଲ 
miscellaneous,ହଟ୍‌ ହଟ୍‌ , ପଟ ପଟ 
miscellaneous,ଗହଳି , ଗହଳି 
miscellaneous,ପଦା , ପାଦା 
miscellaneous,ଉଇ , ଅଲମା 
miscellaneous,ମାଟି , ମାଟି 
miscellaneous,କାଠ , ଦାରୁ 
miscellaneous,ଖାଇଲି , ଖାୟଲି 
miscellaneous,ପେଟ , ପେଟ୍‌ 
miscellaneous,ଇଟା , ଇଟ୍ଟଁ ମୁକା 
miscellaneous,ତର , ଡର 
miscellaneous,ଲୁଗାପଟା , ଲୁଗାପାଡ଼ିଯା 
miscellaneous,କାଉ , କାଉ 
miscellaneous,ଲାଭ , ଲାବ୍‌ 
miscellaneous,ଖଟ , ଖାଟ୍‌ 
miscellaneous,ଘଡ଼ି , ଘଣ୍ଟ 
miscellaneous,ଘଣ୍ଟି , ଘଣ୍ଠି 
miscellaneous,ଭାଇ , ନାନା 
miscellaneous,ଛାଇଁ , ଛାର୍ୟ 
miscellaneous,ପଇତା , ପରତା 
miscellaneous,ଖତ , ଖତ 
miscellaneous,ଗାଇ , ଗାୟ 
miscellaneous,କୂକୁର , କୁକୁର 
miscellaneous,ବିଲେଇ , ଦିଲାଇ 
miscellaneous,ପିମ୍ପୁଡ଼ି , ଚାଟି 
miscellaneous,ଖାଲ , ଖାଲ 
miscellaneous,ଅରଖ , ଅରଖ 
miscellaneous,କିଚିରି ମିଚିରି , ଚେରଗର 
miscellaneous,ଚଟିଆ ,  ଚେଟିଆ 
miscellaneous,ଜଗିଥୁଲା , ଜାଗିରେଲା 
miscellaneous,ଧରିଲା , ଧେରଲା 
miscellaneous,ବାଡ଼ି , ଡାଙ୍ଗ 
miscellaneous,ନିକିତି , କେଜି ଗଣ୍ଡୁ 
miscellaneous,ଗ୍ଲସ୍‌ , ଗିଲାଗ୍‌ 
miscellaneous,ପିଆଜ , ପିଆଜ 
miscellaneous,ଧାନ ,  ଧାନ୍‌ 
miscellaneous,ଗହମ , ଗମ୍‌ 
miscellaneous,ପତଜାପତି , ଫିପା 
miscellaneous,ଚଢେଇ , ଚେତେ 
miscellaneous,ଗିନା , ଗିନା 
miscellaneous,ଦୀପାବଳୀ , ଦୀପାବାଲି 
miscellaneous,ବାପା , ବାବା 
miscellaneous,ଡାକିଲା , ଡାକଲା 
miscellaneous,କହିଲେ ,  କଯଲାୟ 
miscellaneous,ଆଜି , ଆଦି 
miscellaneous,ବହୁତ , ବେଶି 
miscellaneous,କାମ , କାମ୍‌ 
miscellaneous,ଲେମ୍ବୁ , ଲିମୁ 
miscellaneous,ଭେଣ୍ଡି , ବେଣ୍ି 
miscellaneous,ଜହ୍ନି , ଜନି 
miscellaneous,ମିତ୍‌ , ମିତ୍‌ 
miscellaneous,ଦୁଇଜଣ ,  ଦୁଇଲୋକ 
miscellaneous,ଭଲପଡ଼େ , ଭଲ୍‌ ପଡଶି 
miscellaneous,ଡାକୁଛି , ଡାକଲାନୀ 
miscellaneous,ମଜା , ସରଦା 
miscellaneous,ପଳାଇଗଲା , ପାଲାଯଲା 
miscellaneous,ଫଗୁଣ ମାସ , ଫଗୁନମାସ 
miscellaneous,ବଣ , କମନ୍‌ 
miscellaneous,ଧନୁଶର , ଧନୁକାଣ୍ଡ 
miscellaneous,ପଶିଲା , ପୁରଲା 
miscellaneous,ତାକୁ , ତାକେ 
miscellaneous,ଶୋଷ୍‌ , ଶଷ୍‌ 
miscellaneous,ଦେହ ,  ଗାଗଡ଼ 
miscellaneous,ଆଣି , ଆନଲା 
miscellaneous,ଦୟା , ଦୟା 
miscellaneous,ଆସିଲା , ଆଯଲା 
miscellaneous,ପାଣି , ପାନୀ 
miscellaneous,ବଦଳିଗଲା ,  ବଦଲଲା 
miscellaneous,ଫୋପାଡ଼ିବା , ଫିଙ୍ଗବାଟା 
miscellaneous,ରଥ , ରଥ 
miscellaneous,ଶର , କାଣ୍ଡ 
miscellaneous,ଥାଳି , ଚତୁଆ 
miscellaneous,ଶୁଆ , ଶୁଆ 
miscellaneous,ନଡ଼ିଆ , ନାଡ଼ିଆ 
miscellaneous,ଟଙ୍କା , ଡାବୁ 
miscellaneous,ଜାଳିଆ , ବେସନୀ 
miscellaneous,ଧରି , ଧାରି 
miscellaneous,ବଜାର , ହାଟ୍‌ 
miscellaneous,ଲଙ୍କା , ମରିଚ 
miscellaneous,ପଙ୍ଖା , ପେନା 
miscellaneous,ଘୁରୁଥଲା ,  ରିଲା କିନ୍ଦରତେ ରେଲା 
miscellaneous,କିଣି କରି , ପେନିକରି 
miscellaneous,ଦେଲେ , ଦେଲେ 
miscellaneous,ବିଲେଇ , ବିଲାୟ 
miscellaneous,ଛପି ଛପି , ଲୁଚି ଲୁଚି 
miscellaneous,ଜାହାଜ , ଉନାଯାଜ୍‌ 
miscellaneous,ଡଙ୍ଗା , ଡଙ୍ଗା ଲଗେ 
miscellaneous,ବାସ୍ତା , ବାସ୍ତା 
miscellaneous,ଚୌକି , କୁରଚି 
miscellaneous,ଜିନିଷ , ସାମାନ୍‌ 
miscellaneous,ଦୀପ , କୁପୀ 
miscellaneous,କାଗଜ ,  କାଗଜ 
miscellaneous,ଆଳୁ , ଆଲୁକାନ୍ଦା 
miscellaneous,ଯାଉଛି ,  ଗାଲାନୀ 
miscellaneous,ସିଏ , ସେ 
miscellaneous,ବଝଚେଇ , ବାଡାଇ 
miscellaneous,ସୁନା , ସୁନା 
miscellaneous,ନେଉଳ , ଟିଲୁ 
miscellaneous,ମୂଷାଗାତ ,  ମୁୂଷାଖଦରା 
miscellaneous,ଅନେକ , କେତେକ 
miscellaneous,ବରଷା , ବରଷା 
miscellaneous,ନାଳ , ନାଲ 
miscellaneous,ପୋଖରୀ , ବନ୍ଦ 
miscellaneous,କପୋତ , ପାଣ୍ଡକା 
miscellaneous,ଡାକଲା ,  ଡାକଲା 
miscellaneous,ବଲୁଆ , କଲିଆ 
miscellaneous,ରୋଗ , ରୋଗ 
miscellaneous,ଓଟ , ଉଟ 
miscellaneous,ସାଙ୍ଗ , ସାଙ୍ଗ 
miscellaneous,ନଦୀ , ବନ୍ଦ 
miscellaneous,ଶବଦ , କଲାର 
miscellaneous,ଚମକି , ଚମ୍‌କି 
miscellaneous,ହଳଦିଆ , ହଲଦି 
miscellaneous,ରଙ୍ଗ , ରଙ 
miscellaneous,ସଜାଡ଼ି , ସଜାଡ଼ି 
miscellaneous,ଟାଣ , ଆଣ୍ଠୁଆ 
miscellaneous,ସମସ୍ତେ ,  ସବୁଲୋକ 
miscellaneous,ଛବି , ବାନା 
miscellaneous,ଧୂପକାଠି , ଧୂପକାଠି 
miscellaneous,ଉଠିଲା , ଉଠଲା 
miscellaneous,ଅଧୁକ , ଭୁତେକ 
miscellaneous,ମୂଳା , ମୂଲା 
miscellaneous,ପର୍ବ , ପରବ 
miscellaneous,ଲାଞ୍ଜ , ଲେଟଂଡ଼ି 
miscellaneous,ଦାନ୍ତ ,  ଦାତ 
miscellaneous,ବେଲ ଗଛ ,  ବେଲଗଛ 
miscellaneous,ଗଲାବେଳେ ,  ଗାଲାବେଲେ 
miscellaneous,ପଛ , ପଛ 
miscellaneous,ଶୁଭିଲା , ଶୁନ୍‌ଲା 
miscellaneous,ଦୋଡ଼ିଲା ,  ପାଲାଯଲା 
miscellaneous,ପଚାରିଲା , ପାଚାରଲା 
miscellaneous,କଣ , କାଯଟା 
miscellaneous,ଫାଟିଗଲା , ଫାଟିଗାଲା 
miscellaneous,ଆଗ , ଆଗତୁ 
miscellaneous,ସବୁ ଜୀବ , ସବୁ ଜୀବ 
miscellaneous,କଥା , କାତା 
miscellaneous,ରାଜାଙ୍କ ସହ , ରାଜାର ସଙ୍ଗେ 
miscellaneous,ରଷି , ବାବାଜୀ 
miscellaneous,କୁକୁଡ଼ା , କୁକଡ଼ା 
miscellaneous,ବତକ , କଡ଼ 
miscellaneous,ମେଣ୍‌ା , ମେଣ୍ଡା 
miscellaneous,ମଇଁଷି , ମଇଷି 
miscellaneous,ଦୁଇ ସାଙ୍ଗ ,  ଦୁଇସାଙ୍କ୍‌ 
miscellaneous,ବସରେ , ବସାଇଲା 
miscellaneous,ଖାଇସାରି , ଖାଇସରି 
miscellaneous,ଚାଲ , ଜୁ 
miscellaneous,ବାହାରକୁ , ବାହାରେ 
miscellaneous,ବୁଲିବା , ବୁଲବାଟା 
miscellaneous,ପଡ଼ିଆ , ଭାଟା 
miscellaneous,ଫ୍ରଗ୍‌ , କଟ 
miscellaneous,ନକ୍ଷତ୍ର , ତାରା 
miscellaneous,ମୁଦ୍ରିକା , ମୁଦି 
miscellaneous,ଦିନକର , ଗଟେକ ଦିନ 
miscellaneous,ଫେରିଥୁଲା , ଯାଇରେଲା 
miscellaneous,ପଞ୍ଚାୟତ , ପଞ୍ଚାୟତ 
miscellaneous,ସରପଞ୍ଚ , ସର୍‌ପଞ୍ଚ 
miscellaneous,ପାଞ୍ଚୁଅବେ , ପାଞ୍ଚତେରେଲାୟେ 
miscellaneous,ଘାସବୁଦା , ଘାସଲାଟା 
miscellaneous,ଓଷଧ , ଓଷ 
miscellaneous,ଯତନ , ଯତନ 
miscellaneous,ଖୁସି , ସରଦା 
miscellaneous,ବୈଶାଖ ମାସ , ଖରା ମାସ 
miscellaneous,ତରଭୂଜ ,  ଚରଭୂଜ 
miscellaneous,ଭଅର , ଭଅର 
miscellaneous,କଇଁ , କଇଫୁଲ 
miscellaneous,ସୈନିକ , ପୁଲିସ 
miscellaneous,ହଂସ , ହଂସ 
miscellaneous,ସିଂହ , ସିଂହ 
miscellaneous,ମାଂସ , ମାଉଁସ୍‌ 
miscellaneous,ଭାଇ ଭଉଣୀ , ଭାଇ ଭଉନୀ 
miscellaneous,ସେମାନେ , ସେମନ୍‌ 
miscellaneous,କୌଣସି , ଜନଟା 
miscellaneous,ଅଭାବ , ଅଭାବ୍‌ 
miscellaneous,ଖରାପ , ନଷବାଟ 
miscellaneous,ସମୟ , ବେଲା 
miscellaneous,ପବନ , ପବନ 
miscellaneous,ବଇଦ , ଡାଲ୍ତର 
miscellaneous,ରବିବାର , ରୟବାର 
miscellaneous,ସାତଦିନ , ସାତଦିନ 
miscellaneous,ନୌକା , ଡଙ୍ଗା 
miscellaneous,ମୂଳ , ମୂଲ 
miscellaneous,ଆଜି , ଆଜି 
miscellaneous,ଜନ୍ମଦିନ , ଜନମ ଦିନ 
miscellaneous,ସ୍ଵାନ , ଗାଦାୟବାଟା 
miscellaneous,ଠାକୁର , ମାପ୍ଛ 
miscellaneous,ନିକଟ , ଲଗେ 
miscellaneous,ଭିନ୍ନ ଭିନ୍ନ , ଭିନ ଭିନଟା 
miscellaneous,ଗୌରବ , ଗରବ 
miscellaneous,ଫଗୁନ , ଫଗୁନ୍‌ ମାସ୍‌ 
miscellaneous,ଭାରି , ଜବର 
miscellaneous,ଭରା , ଭରତି 
miscellaneous,ଶିକାରୀ , ବାଘ୍ର ବାଲୁ ମନକେ 
miscellaneous,ଧରି , ଧେରି 
miscellaneous,ପଶିଲା , ପୁରଲା 
miscellaneous,ବୁଲିବୁଲି , କିନ୍ଦରୀ କିନ୍ଦରୀ 
miscellaneous,ଥକି , ଥାକି 
miscellaneous,ପଡ଼ିଲା , ଅଦର୍ଲା 
miscellaneous,ଶିକାର , ବେଟ୍‌ କୁଲ୍ବାଟା 
miscellaneous,ପାଇଲା , ପାୟଲା 
miscellaneous,ତାକୁ , ତାକେ 
miscellaneous,ଶୋଷ୍‌ , ଶୋଷ 
miscellaneous,ଦେହହାତ , ଦେହହାତ୍‌ 
miscellaneous,ଥରଥର , ଥରିଧରି 
miscellaneous,କଇଁଥ , କଇଥ 
miscellaneous,ହାତୁଡି , ମୁଟଲା 
miscellaneous,ଫୁଲକୁଣ୍ଡ , ଫୁଲକୁଣ୍ଡ 
miscellaneous,ଫରୁଆ , ସିନ୍ଦୁରତାବା 
miscellaneous,ଫାଟକ , କପାଟ 
miscellaneous,ଆତ , ସୀତା ଫଲ 
miscellaneous,କଲମ , ପେନ୍‌ 
miscellaneous,ଶଙ୍ଖା , ଗାଜୁଲ୍‌ 
miscellaneous,ପୁଡ଼ିଆ , ପୁଡ଼ା 
miscellaneous,ବଜାର , ହାଟ୍‌ 
miscellaneous,ଏତିକିବେଲେ , ଏଡ଼କିବେଲେ 
miscellaneous,ଛପି ଛପି , ଲୁଚି ଲୁଚି 
miscellaneous,ନାଲି , ରଂଗ 
miscellaneous,ଗେବାଇ , ଚାବିକରି 
miscellaneous,ବଙ୍କା , ବାକଟା 
miscellaneous,ପଲଙ୍କ , ଖଟିଆ 
miscellaneous,ଝିଟିପିଟି , ବିଷ୍‌ ଟେଣ୍ଡକା 
miscellaneous,ବେଶୀ , ଜବର 
miscellaneous,ପ୍ରଥମ , ଆଗତୁ 
miscellaneous,ବିଭିନ୍ନ , ରକମ୍‌ 
miscellaneous,ଛବି , ବାନା 
miscellaneous,ଆଶ୍ରୟ , ରେବାଟା 
miscellaneous,କେଉଁଠାରେ , କନତି 
miscellaneous,ଡେଆଁଡେଇଁ , ଡେଗାଡେଗି 
miscellaneous,ପକ୍ଷୀ , ଚେଡ଼େ 
miscellaneous,ହରିଣ , ସମର୍‌ 
miscellaneous,ଗୁଣ୍ଡୁଚିମୂଷା , ଟ୍ରିଲୁମୂଷା 
miscellaneous,ଠେକୁଆ , ଖାଡ଼ା 
miscellaneous,ବାସନ କୁସନ , ହାଣ୍ତ କୁଣ୍ଡି 
miscellaneous,ଦୀପ , କୃପି 
miscellaneous,ଲୁଗାପଟା , ଫାଟିଠୁଟି 
miscellaneous,ଟମାଟ , ବେଜରୀ 
miscellaneous,ମାଭ , ଆତା 
miscellaneous,ଖଇ , ଖଟା 
miscellaneous,କାଇ , ଗପଡ଼ା 
miscellaneous,ଉଚ୍ଚା , ଢେପ୍‌ 
miscellaneous,ନେଉଁଳ , ମଲୁଆମୂଷା 
miscellaneous,କିଏ , କେ 
miscellaneous,ଯାଉଛି , ଗାଲାନି 
miscellaneous,ଗଲିବା , ହିଣ୍ଡବା 
miscellaneous,ଦେଉଳ , ମନ୍ଦିର 
miscellaneous,ଏବାଟ , ଏବାଟେ 
miscellaneous,କାଠି , କାଡ଼ି 
miscellaneous,ଚାବି , କୁଚି 
miscellaneous,ତାଲା , କୁଚି 
miscellaneous,ବର୍ଷା , ବରଷା 
miscellaneous,ଗାଡ଼ିଆ , ଡକରା 
miscellaneous,କପୋତ , ପାଣ୍ଡକା 
miscellaneous,କୋକିଶିଆଳି , କଗ୍‌ 
miscellaneous,ଓଠ , ଉଟ୍‌ 
miscellaneous,ପାଟି , ଚଣ୍ଡ 
miscellaneous,ଆତୁର , କାକୁରସି 
miscellaneous,ନନା , ନନା 
miscellaneous,ଅନା , ଦେଖ 
miscellaneous,ରାଣୀ , ରାନି 
miscellaneous,ଝରଲା , ଝରଲା 
miscellaneous,ଟୋପି , ଟପରି 
miscellaneous,ବେଙ୍ଗ , ବେଙ୍ଗଟି 
miscellaneous,ତୋରଣ ,। ମାଲା 
miscellaneous,ଭୋକ , ଭୁକ 
miscellaneous,ରୋଗ , ରଗ୍‌ 
miscellaneous,ଯୋଡ଼ିବା , ଯୋଡ଼ବାଟା 
miscellaneous,ବାହାଘର , ବିବାଘର 
miscellaneous,ଶୃଗାଳ , କଲିଆ 
miscellaneous,ସବୁଠୁ , ସବୁଥାନୁ 
miscellaneous,ପୂର୍ବରୁ , ଆଗରୁ 
miscellaneous,ପରେ , ପଟେ 
miscellaneous,ଭାରୀ , ବଡ଼େ 
miscellaneous,କୂଳ , ଘାଟ 
miscellaneous,ଚମକି , ଚମ୍‌କି 
miscellaneous,ବଗିଚା , ବାଡ଼ 
miscellaneous,ବଢ଼ିଆ , ନିମାନେ 
miscellaneous,ରାଗି , ରିଶା 
miscellaneous,ସମସ୍ତେ , ସବୁଲୋକ 
miscellaneous,ମିଳିମିଶି , ବିଡ଼ିମିଶି 
miscellaneous,ଦୀବାଳି , ବିଇଟା 
miscellaneous,ମିତ , ମାସାଦ୍‌ 
miscellaneous,ପାଖୁଡ଼ା , ପକଡ଼ି 
miscellaneous,ଲଢେଇ , ଲାଗାଲାଗି 
miscellaneous,ଆଙ୍ଗୁଳି , ଆଙ୍ଗଟି 
miscellaneous,ତେଙ୍ଗା , ତେଙ୍୍‌ 
miscellaneous,ଦିଆସିଲି , ଜୟକାଡ଼ି 
miscellaneous,କୋଠରି , ବାଖରା 
miscellaneous,ଶାଢି , ଫାଟାଇ 
miscellaneous,ତେନ୍ତୁଳି , ତେତୁଲି 
miscellaneous,ନିମ୍ନ , ଛୋଟ 
miscellaneous,ଉଭା ,  ଠିଆଁ 
miscellaneous,ମହୁରୀ , ମୟିରୀ ପାରା 
miscellaneous,ଫୁଙ୍କବାଟା ,  ଫୂକତେ
miscellaneous,ମୟୂର , ମଜୁର୍‌ 
miscellaneous,ପୂଜା ପରବ , ପରବ ଚିଆର 
miscellaneous,ପରିବା , ସାଗଡ଼ାଲ୍‌ 
miscellaneous,ପୂଜା , ପୂଜା 
miscellaneous,ଜୋରରେ , ଜରରେ 
miscellaneous,ଏକ ମୁହୀ , ଗଟେକବାଟେ 
miscellaneous,ଆଗପଛ , ଲେଞ୍ଚ ମୁଣ୍ଡ 
miscellaneous,ଦୁହେଁ , ଦୁଇ ଲୋକ 
miscellaneous,ମୃଗ , ଚିଭଲ 
miscellaneous,ଜୀବ , ଜୀବନଟା 
miscellaneous,କ'ଣ , କାୟଟା 
miscellaneous,ଦୁଇଫାଳ , ଦୁଇଗଳା 
miscellaneous,କୋବି , ଗୁଚି 
miscellaneous,ବାଇଗଣ , ବାଙ୍ଗା 
miscellaneous,ତାୱା , ତାବା 
miscellaneous,ଆମଲେଟ , ଗାରଚକଲି 
miscellaneous,ପଡ଼ିଆ , ଭାଟା 
miscellaneous,ବାହାରକୁ , ପଦାୟେ 
miscellaneous,ବାଜିଲା , ପାଯଲା 
miscellaneous,ହାୱା , ପବନ 
miscellaneous,ତଳକୁ , ଚଲେ 
miscellaneous,ନକ୍ଷତ୍ର , ତାରା 
miscellaneous,ମୁଦ୍ରିକା , ମୁଦ୍ରି 
miscellaneous,ହଠାତ୍‌ , ଧାପେ 
miscellaneous,ଗେଲ୍‌ , ଲାଡ଼ 
miscellaneous,କୋଟ , କାମିଜ୍‌ 
miscellaneous,କଳା , କାଲିଆ 
miscellaneous,ମେଘ , ମେଘ୍‌ 
miscellaneous,ବିଜୁଳି , ବିଜ୍‌ 
miscellaneous,ଗରା , ପାଣ୍ଡରା 
miscellaneous,ଡେଇଲା , ଡେଗାଇଲା 
miscellaneous,ଭାଡ଼ି , ମାଗ 
miscellaneous,କଥା , କାତା 
miscellaneous,ଫେରୁଥିଲା ,  ବାରତେ ରେଲା 
miscellaneous,ହତା , ଗୁଆଡ୍‌ 
miscellaneous,ବହୁଲୋକ , ବେଶିଲୋକ 
miscellaneous,ଆଖପାଖ , ଲଗେଲଗେ 
miscellaneous,କଷଣ , ହରବର 
miscellaneous,ଉପାୟ , ବାଟ 
miscellaneous,ଘାସବୁଦା , ଘୀସ ଲାଟା 
miscellaneous,ଫୁଟାଇ ,  ଉକଲଇ 
miscellaneous,ସଞ୍ଚୟ , ସଙ୍ଗାରବାର 
miscellaneous,କାଞ୍ଚା , କାଚା 
miscellaneous,ବଞ୍ଚୁବା , ଚବଞ୍ଚୁବାଟା 
miscellaneous,କକା , ଦାଦା 
miscellaneous,ଖଡ଼ିକା , ଖଡିକିଆ 
miscellaneous,ପିଜୁଳି , ଜାମ୍‌ 
miscellaneous,ଉଦ ଉଦିଆ , ଉଦ୍‌ ଉଦିଆ 
miscellaneous,ଖରା , ଖାରା 
miscellaneous,ଏଁରାବତ , ହାତୀ 
miscellaneous,ପାଣି କଖାରୁ , ପାନି କୁମଡ଼ା 
miscellaneous,ବୈଠକ , ବେରନ 
miscellaneous,ଲଗାଇବା , ଡସାଇବା 
miscellaneous,ଖାଲି , ଛୁଗୟ 
miscellaneous,ମନୋରଞ୍ଜନ , ମନସାରଦା 
miscellaneous,ପିଞ୍ଜରା , ଗୁଡ଼ା 
miscellaneous,ତଣ୍ଢି , ଟଟରା 
miscellaneous,ଗଧ୍ଵଆ , ହୁଣ୍ଡାର /ଡୁରକା 
miscellaneous,ବିଚରା , ବାପଡ଼ା 
miscellaneous,ସଳଖି , ସଲଖେ 
miscellaneous,ଅଣ୍ଟା , ଆଗଟାଁ 
miscellaneous,ଥଣ୍ଡ , ଚଣ୍ଡି 
miscellaneous,କଣ୍ଟା , କାଟା 
miscellaneous,ସଫା , ପରଚଲ 
miscellaneous,ଗାଣ୍ଡିଆ , ପୁଡ଼ା 
miscellaneous,ବେଣ୍ଟ , ଢେଟ୍‌ 
miscellaneous,ଲଣ୍ଠନ , ଲାନ୍ତର 
miscellaneous,ଆକାଶେ ,  ବାଦଲେ 
miscellaneous,ପରିବାର ,  କୁଟୁମ 
miscellaneous,ଝଡତୋଫାନ୍‌ , ପାନିପବନ 
miscellaneous,ସହିପାରିବା , ସମାଳିନାପାରବାଟା 
miscellaneous,ସାଙ୍ଗରେ ,  ସସେ 
miscellaneous,ରବିବାର , ରୟବାର 
miscellaneous,ଓଷଧ , ଓଷ୍‌ 
miscellaneous,ଦୁଃସାହାସ , ଭାରଷା 
miscellaneous,ଏମିତି , ଏକ୍ତ 
miscellaneous,ମାକସି , ପେଡ଼ି 
miscellaneous,କୌତୁହଳ ,  ଚୁଲଚୁଲିଆ 
miscellaneous,ପଥ୍ୁକ , ବାଟୋଇ 
miscellaneous,ବ୍ୟବହାର , ବାଇବାଟା 
miscellaneous,ମଧ୍ୟାହ୍ନ , ପେଜବେଲା 
miscellaneous,ଅପରାହ୍ନ , ଆଡ଼ବେଲା 
miscellaneous,ମୂଳ , ବୁନ୍ଦ 
miscellaneous,ବଡ଼ିଭୋର ,  କୁକୁଡ଼ା ତାକେ 
miscellaneous,ଠାକୁର , ମାପ୍ଛ 
miscellaneous,ଉପହାର , ପୁରସ୍କାର 
miscellaneous,ପ୍ରସାଦ , ଉଗ 
miscellaneous,ଗଛଲତା , ଗଛପତର 
miscellaneous,ଲତା , ମାଲ୍‌ 
miscellaneous,ସୂର୍ଯ୍ୟ , ବେଲ୍‌ 
miscellaneous,କାଉ , କାଉ 
miscellaneous,ଗଛ ,  ଗଛ୍‌ 
miscellaneous,କୁଅ , କୁଇଁସାଲ୍‌ 
miscellaneous,ଦଉଡ଼ି , ଡର 
miscellaneous,ମାଠିଆ , ହାଣ୍ଡି 
miscellaneous,ପାଣି , ପାନି 
miscellaneous,ମେଘ , ମେବାଦଲ୍‌ 
miscellaneous,ସୂର୍ଯ୍ୟ , ବେଲ୍‌ 
miscellaneous,ଘାସ , ଘାସ୍‌ 
miscellaneous,ଗାଉ , ଗରୁ 
miscellaneous,ମାଠିଆ , ହାଣ୍ଡି 
miscellaneous,ତୁଳସିକୁଣ୍ଡ , ତୁଲସିଚଉଁରା 
miscellaneous,କଦଳୀ ଗଛ , କଦଲି ଗଛ 
miscellaneous,ମଣ୍ଡପ , ମଣ୍ତପ 
miscellaneous,ପଥର , ପାକ୍ନା 
miscellaneous,ଛାଞ୍ଚୁଣୀ , ବାଡନୀ 
miscellaneous,ଷଣ୍‌ , ଷଣ୍‌ 
miscellaneous,ଖଟ , ଖଟ୍‌ 
miscellaneous,ବେଗ୍‌ , ମୁନା 
miscellaneous,ବୁଟ , ବୁଟ 
miscellaneous,ଘରପିଣ୍ଡା , ଘରର ପିଣ୍ଡା 
miscellaneous,ରାସ୍ତା , ସଡ଼କ୍‌ 
miscellaneous,ବୁଢା , ଡକରା 
miscellaneous,ବରଗଛ , ବର୍ଗଛ୍‌ 
miscellaneous,ନଳକୂଅଁ , ବରିଙ୍ଗ 
miscellaneous,କ୍ଷୀର , କ୍ଷୀର 
miscellaneous,ଚୁଲି , ଚୁଲି 
miscellaneous,ଟାଙ୍ଗିଆ , ଟାଙ୍ଗିଆ 
miscellaneous,ଶାବଳ , ଶାବଲ 
miscellaneous,ଥାଳି , ଚଡୁଆ 
miscellaneous,ଗ୍ନସ୍‌ , ପିଲାସ୍‌ 
miscellaneous,ଚାଟୁ , ଚାଟୁ 
miscellaneous,ଦୀପ , କୂପି 
miscellaneous,ରେଳଗାଡ଼ି , ରେଲଗାଡ଼ି 
miscellaneous,ସ୍କୁଟର , ସ୍କୁଟେର 
miscellaneous,ସାଇକେଲ୍‌ , ସାଇକେଲ୍‌ 
miscellaneous,ମଟର , ମଟର 
miscellaneous,ଭେନ୍‌ , ବେନ୍‌ 
miscellaneous,ଅଟୋ , ଅଟ 
miscellaneous,ଉତଡାଯାହାଜ , ଉଡାଯାହାଜ 
miscellaneous,ହେଲିକେପ୍ଟର , ହେଲିକେପଟର 
miscellaneous,କମାଣ୍ଡର , ଜିପ୍‌ 
miscellaneous,ପାଣି ଜାହାଜ , ପାନି ଝାଜ 
miscellaneous,ଝିଅ , ଟକି 
miscellaneous,ପୁଅ , ପିଲା 
miscellaneous,ଝୁଲଣା , ଡଲି 
miscellaneous,କଣ୍ଢେଇ , ପୁତଲା 
miscellaneous,କୂକୂର , କୁକୁର 
miscellaneous,ବେଟ୍‌ , ବେଟ୍‌ 
miscellaneous,ଚଢେଇ , ଚେଡେ 
miscellaneous,ଫୁଲ୍‌ , ଫୁଲ୍‌ 
miscellaneous,ପତାକା , ଜେଣ୍ଡା 
miscellaneous,କୃଷକ , ଚାଷି 
miscellaneous,ଘର , ଘର 
miscellaneous,ବାଳକ , ପିଲା 
miscellaneous,ନଡ଼ିଆ , ନାଡ଼ିଆ 
miscellaneous,ପାହାଡ଼ , ପର୍ବତ୍‌ 
miscellaneous,ବୁଢ଼ା , ଡକରା 
miscellaneous,କୂଅ , କୁଇଁ ସାଲ୍‌ 
miscellaneous,କଚିରି ମିଚିରି , କିର୍‌ କାର୍‌ 
miscellaneous,ଶବ୍ଦ , ସାଉଣ୍ଡ 
miscellaneous,ପିଲେ , ପିଲା 
miscellaneous,ଜଗୁଥାଏ , ଜାଗଲାନୀ 
miscellaneous,ଦୁଆରେ , ଦାଣ୍ଡେ 
miscellaneous,ଅଜଣା , ନାଜାନ୍‌ ବାଟା 
miscellaneous,ଲୋକଙ୍କୁ , ଲୋକମନକେ 
miscellaneous,ରାବଇ , ରାବସି 
miscellaneous,ନିଦ , ଜୁମରା 
miscellaneous,ସମାନ , ସମାନ 
miscellaneous,ଅମୃତ , ଅମୃତ୍‌ 
miscellaneous,ଖାଇବା , ଖାୟବାଟା 
miscellaneous,ଅଧୁକ ମଧୁର ,  ଅଦିକ୍‌ ସୁଆଦ୍‌ 
miscellaneous,ଶାଗୁଆ ,  କଚାପତରିଆ 
miscellaneous,ଭାବେ , ଡାକେ 
miscellaneous,ସରଗେ , ସର୍ଗେ 
miscellaneous,ପେଚା , କୁମା 
miscellaneous,ମୟୂର ,  ମଜୁର 
miscellaneous,ଅଣ୍ଡିରା କୁକୁଡ଼ା , ଗାଞ୍ଜା 
miscellaneous,ଶୁଆ , ରୁପୁ 
miscellaneous,କାଉ , କାଉ 
miscellaneous,ବତକ , ହଁସ୍‌ 
miscellaneous,ଚିଲ ,  ଛାଚଣ୍‌ 
miscellaneous,ପାରା , ପାରୁଆ 
miscellaneous,ସଜନା ଗଛ , ମୁନଗା ଗଛ 
miscellaneous,ଭାଲୁ , ବାଲୁ 
miscellaneous,ବାଘ , ବାଗ 
miscellaneous,ବରଗଛ , ବରଗଛ 
miscellaneous,ଚାଳଘର , ପିରିଘର 
miscellaneous,ତାଳଗଛ , ତାଲ୍‌ଗଛ 
miscellaneous,ବାଡ଼ , ବାଡ଼ 
miscellaneous,ବିଜୁଳି ତାର , କରେଣ୍ତ ତାର 
miscellaneous,ମେଘ ପାଖକୁ ,  ବାଦଲ ଲଗେ 
miscellaneous,ବେକ , ଟଟ୍‌ରୀ 
miscellaneous,ଗାର , ଗିରା 
miscellaneous,ରାଗ , ମରିଚ 
miscellaneous,ଖାଇବା , ଖାଇବା 
miscellaneous,କୁଲା , କୁଲା 
miscellaneous,କାନ , କାନ୍‌ 
miscellaneous,ପାଦ , ପାଦ 
miscellaneous,ଦିଶେ , ଦିଶ୍‌ଲାନି 
miscellaneous,ଦୁଇ , ଦୁଇଟା 
miscellaneous,ଛୋଟ , ସାନ୍‌ 
miscellaneous,ଗାତ , ବିଲ୍‌ 
miscellaneous,ଘର , ଘର 
miscellaneous,ମୁହଁରେ , ମୁଁଲଗେ 
miscellaneous,ନିଶ , ମେଶ 
miscellaneous,ଆସେ , ଆୟସି 
miscellaneous,ଜିନିଷ , ଜିନିଷ 
miscellaneous,ଦୁଇସାଇ୍ଁଇ , ଦୁଇଟା ସାଙ୍ଗ 
miscellaneous,ବଗିଚା , ବାଡ଼ 
miscellaneous,ଚାଲ , ଯୁ 
miscellaneous,କଥା ଶୁଣିଲେ , କାତା ଶୁନଲାୟନ 
miscellaneous,ଡରି , ଗଲେ 
miscellaneous,ଏମାନେ , ଏମନେ 
miscellaneous,କାଟିଦେବା , କାଟବାୟୂ 
miscellaneous,ବର୍ଷା , ବରଷା 
miscellaneous,କରିବେ କ'ଣ , କାୟଟା କରବାୟ 
miscellaneous,ଶୋଇବେ କେଉଁଠି , କମିତି ଶୟବାଯେ 
miscellaneous,ପଥର , ପାକନା 
miscellaneous,ପହଞ୍ଚୂଲା , ଖେଟ୍‌ଲା 
miscellaneous,ସବୂକଥା କହିଲା , ସବୁକାତାକୟଲା 
miscellaneous,କ୍ଷତି , ନଷ୍ଟ 
miscellaneous,ହନୁ ବଇଦ , ହନୁତାକ୍ତର 
miscellaneous,ଖଟ , ଖାଟ 
miscellaneous,ଶୋଇଥାଏ , ଶୋଇଥୁଲା 
miscellaneous,ସମୁଦି , ସମ୍‌ଦି 
miscellaneous,ଗଧ୍‌ଆ , ଡୁରକା 
miscellaneous,ମନେ ପଡ଼ିଲା , ହେତୁ ଆୟଲା 
miscellaneous,ବହୁତ ଦିନ , ବେଶିଦିନ୍‌ 
miscellaneous,ଭାବିଲା , ବାବଲା 
miscellaneous,ବୁଲି ଆସିବ , ବୁଲି ଆୟସି 
miscellaneous,ଦ୍ବାର , ଦାଣ୍ଡ 
miscellaneous,ସ୍ଵର , କଣ୍ଠ 
miscellaneous,ମିଠା , ସୁଆଦପିଟା 
miscellaneous,ଦୋକାନ , ଦୁକାନ୍‌ 
miscellaneous,ସିଙ୍ଗଡ଼ା , ସିଙ୍ଗଡ଼ା 
miscellaneous,ଆଳୁଚପ୍‌ , ଆଲୁବଡ଼ା 
miscellaneous,ବାସି ଜିନିଷ , ଫୁସକି ଜିନିଷ୍‌ 
miscellaneous,ଖରାପ , ନସ୍‌ବାଟା 
miscellaneous,ଖାଇଦେଲି , ଖାଇଲିନି 
miscellaneous,ଘରକୁଫେରିଲା ପରେ, ଘରେ ଗାଲା ପଟେ 
miscellaneous,ଝାଡ଼ା , ବନ୍ଦାଡ଼ 
miscellaneous,ଡରନା , ନାଡର 
miscellaneous,ଖାଇବାଜିନିଷ , ଖାୟବା ଜିନିଷ 
miscellaneous,ଜୀବନ ହାରିବ , ଜୀବନ ଯିବାଟା 
miscellaneous,ପଗ୍ସଢ଼ା , ଗନ୍ଦାଯିବାଟା 
miscellaneous,ଖରାଦିନ , ଖାରାଦିନ୍‌ 
miscellaneous,ବର୍ଷା , ବରଷା 
miscellaneous,ଗରମ , ଉଷୁମ 
miscellaneous,ପର୍ବତ , ଜଙ୍ଗଲ୍‌ 
miscellaneous,ପଡ଼ିଆ , ବାଟା 
miscellaneous,କ୍ରିକେଟ , କିରକେଟ 
miscellaneous,ଖେଳ , ଖୋଲ 
miscellaneous,ପୂର୍ବର , ଆଗରଝା 
miscellaneous,ସଭା , ପଞ୍ଚାଦି 
miscellaneous,ସାପ , ସାପ୍‌ 
miscellaneous,ପଥର , ପାଖନା 
miscellaneous,ଗଛ କରଡ଼ , ଗଛ ପଲକା 
miscellaneous,କାଠହଣା , ଗଛକୁଡ 
miscellaneous,ଗୋଟିଏ ଦଳ , ଗେଟେକ ପାଟି 
miscellaneous,କ୍ୟାପଟେନ୍‌ , କେପଟେନ୍‌ 
miscellaneous,ଖାଇବା , ଖାଇଲା 
miscellaneous,ବିସ୍କୁଟ , ବିସ୍କୁଟ 
miscellaneous,ସର୍ବତ , ସରବତ୍‌ 
miscellaneous,ବିଜୟୀ , ଜିତ୍ବାଟା 
miscellaneous,ପୁରସ୍କାର , ପୁରସ୍କାର 
miscellaneous,ଦର୍ପଣ , ଦରପନ୍‌ 
miscellaneous,କିଣିବା , ଘେନବାଟା 
miscellaneous,ଦାୟିତ୍ଵ , ଦାୟିତ୍ବନେବା 
miscellaneous,ବ୍ୟାଟ , ବେଟ 
miscellaneous,ଚଡେଇ , ଚେଡେ 
miscellaneous,ବଲ୍‌ , ବଲ୍‌ 
miscellaneous,ଆଣିଲେ , ଆନଲାୟ 
miscellaneous,ଜୋର ସୋର୍‌ , ଜୋର ସୋର 
miscellaneous,ଅଭ୍ୟାସ , ଅଭ୍ଯାସ୍‌ 
miscellaneous,ପ୍ରତିଦିନ , ସବୁଦିନ 
miscellaneous,ଠେକୁଆ ଦଳ , ଠେକୁଆ ମାନ୍ଦା 
miscellaneous,ବିଲୁଆ ଦଳ , କଲିଆ ମାଳା 
miscellaneous,ବୋଲିଂ , ଫିଙ୍ଗବାଟା 
miscellaneous,ବ୍ୟାଟିଂ , ବେଟିଂ 
miscellaneous,ଅନ୍ୟମାନେ , ଅଲଗା 
miscellaneous,ପ୍ରଥମ , ଆଗତୁ 
miscellaneous,ଆଉଟ , ଆଉଟି 
miscellaneous,ଖୁସି , ସାରଦା 
miscellaneous,ତାଳି ମାରିଲେ ,  ତାପଡ଼ି ମାରଲାୟ 
miscellaneous,ଗାତ , ବିଲ 
miscellaneous,ହାତୀ , ହାତୀ 
miscellaneous,ଶୁଣ୍‌ , ଛଣ୍ଢା 
miscellaneous,ମେଣ୍ଢା ପଲ , ମେଣ୍ଡାସାଲ୍‌ 
miscellaneous,ନରଁ , ଯୋଡ଼ି 
miscellaneous,ପିଚକାରୀ , ପିଚକାରୀ 
miscellaneous,ପାଣି ଖେଳ , ପାନୀ ଖେଲ୍‌ 
miscellaneous,ଏଣ୍ଡୁଅ , ଟେଣ୍ଡକା 
miscellaneous,ଜୀବନ , ଜୀବନ 
miscellaneous,ବିପଦ , ଗର 
miscellaneous,ଡାକୁଛ , ଡାକଲାସନି 
miscellaneous,ଜାଣି ଜାଣି , ଜାନି ଜାନି 
miscellaneous,ମୁଣ୍ଡ , ମୁଡ଼ 
miscellaneous,ପଗରିଲା , ପାଗର୍‌ଲା 
miscellaneous,ଭାଇ , ନାନା 
miscellaneous,ମୋତେ , ମକେ 
miscellaneous,ଆଣୁଅଛି , ଆନଲାନି 
miscellaneous,ସତରେ , ସତେ 
miscellaneous,ଦୃଷିତ , ମଇଁଳା 
miscellaneous,କାଛୁ କୁଣ୍ଡିଆ , ଗାଦି ଖସୁ 
miscellaneous,ତୋହର କଥା , ତୋର କାତା 
miscellaneous,ବଡ଼ବଡ଼ କଥା , ବଡ଼ବଡ଼କାଥା 
miscellaneous,ସାଇତି , ସଜାଇବା 
miscellaneous,ତୋର ମଥା , ତୋର କପାଲ 
miscellaneous,ତେଣ୍ଡା , ଚେଣ୍ଡା 
miscellaneous,ଖଣ୍ଡ ଖଣ୍ଡ , ଖାଣ୍ଡିଆ ଖାଣ୍ଡିଆ 
miscellaneous,ଦଣ୍ଡ , ଦଣ୍ଡ 
miscellaneous,ତୁଣ୍ଡ , ଟଣ୍ଡ 
miscellaneous,ଗଣ୍ଡା , ଗଣ୍ଡା 
miscellaneous,ମଣ୍ଡା , ମାଣ୍ଡା 
miscellaneous,ପାଖରେ , ପାଖେ 
miscellaneous,ଭଚ୍ଚାରିକା , ଭଜ୍ଚାରିକା 
miscellaneous,ଠାକୁରାଣୀ , ଠାକୁରାଜୀ ଗଟେକ 
miscellaneous,ଯୋଜନା , ଗଚେକ୍‌ ଧାନ୍ଦା 
miscellaneous,ନାଚି ନାତୁଣୀ , ନାତୀ ନାତରା 
miscellaneous,କାନ୍ଧଘଣ୍ଟା , କାନ୍ତଘଣ୍ଟୀ 
miscellaneous,ଠିକ୍‌ ସମୟ , ଠିକ୍‌ ବେଲା 
miscellaneous,ସଭିଏଁ , ସବୁଲୋକ 
miscellaneous,ସାନପିଲା ମାନେ , ସାନ ପିଲାମନ୍‌ 
miscellaneous,ପାଖରେ , ଲଗେ 
miscellaneous,ପାଟିତୁଣ୍ଡନକରି , କଲାର ନହେଇ 
miscellaneous,ଶାନ୍ତ , ଶାନି 
miscellaneous,ଦାଣ୍ଡ , ଦୁଆର 
miscellaneous,ଚାଲିଲା , ଗାଲା 
miscellaneous,ପଚାରିଲେ ,  ପାଚାରଲାୟ 
miscellaneous,ଖାଇବ ,  ଖାଇବାସ 
miscellaneous,ଜିନିଷ , ଜିନିଷ 
miscellaneous,ବେଶୀ , ଭୁତେକ 
miscellaneous,ଝାଡ଼ା ବାନି , ଝାଡା ବାନି 
miscellaneous,ଫଟା ଫଟ୍‌ କହିଲେ , ଫଟା ଫଟ କୟଯଲାୟ 
miscellaneous,ଭୋକହେବ , ଭୁକହେସି 
miscellaneous,ହାଲିଆଲାଗି , ହାଲିଆ ଲାଗ୍‌ସି 
miscellaneous,କାମ କରିବା , କାମ କରୁ ଆସା 
miscellaneous,ଭଲ ଲାଗୁନାହିଁ , ମକେ ନିକ ନଲାଗେ 
miscellaneous,ସୁନ୍ଦର , ସୁନ୍ଦର 
miscellaneous,ଧୁଳି , ଧୁରଲି 
miscellaneous,ସଫା , ପରଚଲ୍‌ 
miscellaneous,ଜାତି , ଜାତି 
miscellaneous,ମନ୍ଦାର , ମନ୍ଦାର 
miscellaneous,ନିମମିଳ , ନିରମଲ୍‌ 
miscellaneous,ପରିବେଶ , ଯାଗା 
miscellaneous,ଚାରିଆଡ଼େ , ଚାରବାଟେ 
miscellaneous,ନଇବନ୍ଧ , ତେମ୍‌ 
miscellaneous,ଲତା , ମାଲ 
miscellaneous,ପଢାପଢି , ପଢାପଢି 
miscellaneous,ଭାଇବନ୍ଧୁ , ଭାଇବନ୍ଧୁ 
miscellaneous,ଆନନ୍ଦରେ , ସରଦାରେ 
miscellaneous,ଖେଳ ଖେଳିବା , ଖେଲ ଖେଲୁ 
miscellaneous,ନୀତିସଂଜବେଳରେ , ସବୁ ସଂଜବେଲେ 
miscellaneous,ସର୍ବଦା , ସବୁବେଲେ 
miscellaneous,ଆମପଲୀ , ଆମପାଲୀ 
miscellaneous,ବେମାର , ରୋଗ 
miscellaneous,ଗମ୍ଭାରୀ ଗଛ , ଗମ୍ଭାରୀ ଗଛ 
miscellaneous,ସେ ପଟେ , ସେବାଟେ 
miscellaneous,ପାଇପ ପାଣି , ପାଇପ୍‌ ପାନି 
miscellaneous,ଖସଡ଼ାରେ ଖସିବୁ , ବିଚଲ ଲଗେ ଅଦର ବୁସ୍‌ 
miscellaneous,ମାଗଣା , ପାଙ୍ଗୁଆ 
miscellaneous,ଧନୀ ଗରୀବ , ଧନୀ ଗରୀବ 
miscellaneous,ସୁଯୋଗ , ସୁଯୋଗ୍‌ 
miscellaneous,କୁମାର ପୁର , କୁମାର ପୁର 
miscellaneous,ଗ୍ରାମ ପଞ୍ଚାୟତ , ଗ୍ରାମ ପଞ୍ଚାୟତ 
miscellaneous,ଅଫିସ୍‌ , ଅଫିସ୍‌ 
miscellaneous,ରାସ୍ତା , ସଡ଼କ୍‌ 
miscellaneous,ମରାମତି କରେ , ତିଆର କରେ 
miscellaneous,ପୋଖରୀ ଖୋଳେ , ବନ୍ଦ ଘାଟେ 
miscellaneous,ସରପଞ୍ଚ , ସରପଞ୍ଚ 
miscellaneous,ଭଲ ମନ୍ଦ , ଭଲମନ୍ଦ 
miscellaneous,କଳିକଜିଆ , ଘରେଲାଗାଲାଗି 
miscellaneous,ସମାଧାନ , ସମାନ୍‌ 
miscellaneous,ଗଠିତ୍‌ ହୁଏ , ଗଡ଼ି ଏରସି 
miscellaneous,ନର୍ସ , ନସି 
miscellaneous,କମ୍ପାଉଣ୍ଡର , କଆ୍ପାଣ୍ଠୁ 
miscellaneous,ପରୀକ୍ଷା , ପରୀକ୍ଷା 
miscellaneous,ଟେବୁଲ୍‌ , ଟେବୁଲ୍‌ 
miscellaneous,ଚମ୍ପାଫୁଲ , ଚପାପୁଲ 
miscellaneous,ସିମ୍ାଞ୍ଜ , ବଣ ମଣିଷ 
miscellaneous,ଖମ୍ଭ , ଖମ୍‌ 
miscellaneous,ସିମ୍ଭଲଟା , ସେମିଲାଟା 
miscellaneous,ଦମ୍ଭ , ଦମ୍‌ 
miscellaneous,ତୁମେ୍ , ତୁଇ 
miscellaneous,ସମ୍ଭବ , ହେୟସି 
miscellaneous,କମ୍ପାସ୍‌ , କମମାସ୍‌ ପେଡ଼ି 
miscellaneous,ଡାମଖ୍ଫାଣ , ଢ଼ାପନ 
miscellaneous,ସମ୍ପଦ , ଧନ 
miscellaneous,ଅସମ୍ଭବ , ନାହେ 
miscellaneous,ଚୂମ୍ଭକ , ଚୁମ୍ଭକ୍‌ 
miscellaneous,ସମ୍ଭାଦ , ଖବର 
miscellaneous,ବଜାର , ହାଟ 
miscellaneous,ପ୍ରଧାନ ମନ୍ତ୍ରୀ , ପ୍ରଧାନ ମନ୍ତ୍ରୀ 
miscellaneous,ବାଟରେ , ବାଟେ 
miscellaneous,ପୋଷ୍ଟ ଅଫିସ୍‌ , ପୋଷ୍ଟ ଅଫିସ୍‌ 
miscellaneous,ପୋଷ୍ଟକାର୍ଡ , ପୋଷ୍ଟ କରଡ 
miscellaneous,ଲଫାପା , ଲଫାପା 
miscellaneous,ଅନ୍ତବ୍ଦୈଶୀୟ ପତ୍ର, ଇଂଲଣ୍ଡ ଲେଟେର 
miscellaneous,ଟେଲିଗ୍ରାମ ଫର୍ମ , ଟେଲିଗ୍ରାମ ଫରମ 
miscellaneous,ଖବର , ଖବର 
miscellaneous,ମୋବାଇଲ ଫୋନ୍‌ , ମୋବାଇଲ ଫୋନ୍‌ 
miscellaneous,ବହୁତ ଦୁର , ଭୁତେକଦୁର 
miscellaneous,ସମୟ , ବେଲା 
miscellaneous,ମସ୍‌ଜିଦ୍‌ , ସମଜିଦ୍‌ 
miscellaneous,ହିନ୍ଦୁମାନେ , ହିନ୍ଦୁ ମନ୍‌ 
miscellaneous,ମନ୍ଦିର , ଦେଉଳଘର 
miscellaneous,ପୂଜାପାଠ , ପୂଜାପାଟ ମନ୍ଦିରେ 
miscellaneous,ଭଜନ , ଭଜନ 
miscellaneous,କୀଉଁନ , କୀଉଁନ 
miscellaneous,ଖ୍ରୀଷ୍ଟିୟାନ୍‌ , ଖ୍ରୀଷ୍ଟାନ୍‌ 
miscellaneous,ଶିଖମାନେ , ଶିଖୁ ମନ 
miscellaneous,ଗୀଜୀ , ମଣ୍ଡଳି 
miscellaneous,ଧର୍ମ , ଧରମ 
miscellaneous,ଅନୁଷ୍ଠାନ , ଜାଗା 
miscellaneous,ପୋଷାକ , ଡେରେସ 
miscellaneous,ବିଭିନ୍ନ , ଅଲଗାଅଲଗା 
miscellaneous,ସବୁଦିନ , ସବୁଦିନେ 
miscellaneous,ଦୋକାନ , ଦୁକାନ୍‌ 
miscellaneous,ଖୁସି ମନରେ , ସରଦା ମନେ 
miscellaneous,ନଷ୍ଟ , ନସଲାଟା 
miscellaneous,କଷ୍ଟ , କଷ୍ଟ 
miscellaneous,କନିଷ୍ଠ , ସାନ 
miscellaneous,ପରିଷ୍ଠାର , ସଫାସୁତରା ଘର 
miscellaneous,ଉତ୍ତାପ , ତପତ୍‌ 
miscellaneous,ଯତନେ , ଯତନେ 
miscellaneous,କିଆରି , କିଆରି 
miscellaneous,ଚାରା , ପାଲା 
miscellaneous,ପାତି ମାଙ୍କଡ଼ , ପାତି ମାଙ୍କଡ଼ 
miscellaneous,ବଢିଗଲା , ବଡ଼ିଗାଲା 
miscellaneous,ଲାଳ , ଲାଲ୍‌ 
miscellaneous,ପଶିଲା , ପୁରଲା 
miscellaneous,ଚମ୍ପା , ଚମ୍ପା 
miscellaneous,ଗଛତାଳ , ଗଛର ଡାଲ 
miscellaneous,ଆସିଲେ ଧାଇଁ , ପାଲାୟ ଆୟ ଲାୟ 
miscellaneous,ଲଢେଇ , ମାରାମାରି 
miscellaneous,ସମ୍ପଭି , ଧନ 
miscellaneous,ଖୁସିରେ , ସରଦାରେ 
miscellaneous,ବାଦ୍ୟ , ବାଜା 
miscellaneous,ପାମ୍ପଡ଼ , ପାପଡ଼ 
miscellaneous,ସବୁଜ , କାଚାପତରିଆ 
miscellaneous,ଶସ୍ଯକ୍ଷେତ୍ର , ଚାଷ ବେଡ଼ା 
miscellaneous,ଅକ୍ସ ଦୂରରେ , ଅଲପ୍‌ ଦୂରେ 
miscellaneous,ଟକିନଇଁ , ସାନ ଯଡ଼ି 
miscellaneous,କୁଳୁକୁଳୁଶବ୍ଦ , କଲବଲ ଶବଦ 
miscellaneous,ଗୀମୁଣ୍ଡରେ , ଗୀ ମୁଣ୍ଡେ 
miscellaneous,ଶିବ ମନ୍ଦିର , ଶିବ ମନ୍ଦିର୍‌ 
miscellaneous,ପେଟ ପୋଷନ୍ତି , ପେଟ ପଷବାୟ 
miscellaneous,ପରିବାର , କୁଟୁମ୍‌ 
miscellaneous,ବିକ୍ରି , ବିକବାଟା 
miscellaneous,ଅନ୍ୟ ଲୋକମାନେ, ଅଲଗା ଲୋକମନ 
miscellaneous,ସୁବିଧା , ସୁବିଧା 
miscellaneous,କବାଟ , କପାଟ 
miscellaneous,ଝରକା , ଖୁଡକି 
miscellaneous,କାଠ ମିସ୍ତ୍ରୀ , ବଡାୟ 
miscellaneous,କିଣିଥାନି , ଘେନି ରେତି 
miscellaneous,ନାନାପ୍ରକାର , କେତେକ ରକମ 
miscellaneous,ପର୍ବ ପର୍ବାଣି , ପରବ ଯାତ୍ରା 
miscellaneous,ପରସ୍ବର , ତାକର ତାକର 
miscellaneous,ମିଳିମିଶି , ମିଲିମିଶି 
miscellaneous,ବୃଷ୍ଷ ରୋପଣ , ଗଛ ଲାଗାୟବାଟା 
miscellaneous,ପରିଶ୍ରମ , କଷ୍ଟ କର୍‌ବାଟା 
miscellaneous,ମାଟିର ହାଣ୍ଡି , ମାଟି ହାଣ୍ଡି 
miscellaneous,ମାଠିଆ , ହାଣ୍ଡି 
miscellaneous,ଦାଆ , ଇଲା 
miscellaneous,କଟୁରୀ , କାଟରା 
miscellaneous,ପିଠାକତେଇ , ପିଟାକଡାୟ 
miscellaneous,ଗ୍ରାମବାସୀ , ଗାର ଲୋକ 
miscellaneous,ମଇଲା , ମୟଲା 
miscellaneous,ଲୁଗା , ଫାଟାୟ 
miscellaneous,ପୋଷାକ , ଡେରେସ୍‌ 
miscellaneous,ସାବୁନ୍‌ , ସାବୁ 
miscellaneous,ପାଉଡର , ପାଉଡର 
miscellaneous,ଇସ୍ପୀ , ଇସ୍ତୀ 
miscellaneous,ପୋଖରୀ , ବନ୍ଦ/ ବନ୍ଧ 
miscellaneous,ମାଛଧରି , ମାଛଧାରି 
miscellaneous,ପାଳନ , ପଷବାଟା 
miscellaneous,ଜୀବିକା ନିର୍ବାହ କରନ୍ରି , ଜିବାୟେ 
miscellaneous,ବାଚସ୍ପତି ମହାରଣା , ବାଚସ୍ପତି ମହାରଣା 
miscellaneous,ମୂରି , ମୂରି 
miscellaneous,ଜୀବନ୍ତ , ଜୀବନ 
miscellaneous,ଭିନ୍ନ ଭିନ୍ନ କାମ , ଭିନ୍‌ ଭିନ୍‌ କାମ୍‌ 
miscellaneous,ବୁଝାମଣା , ବୁଜାମାନା 
miscellaneous,ସମସ୍ତେ ,  ସବୁଲୋକ୍‌ 
miscellaneous,ନିଷ୍ପଭି , ରାଜିହେବା 
miscellaneous,ଶିକ୍ଷୟତ୍ରୀ , ମାଷ୍ଟରନୀ ଦିଦି 
miscellaneous,କମାର , କମାର 
miscellaneous,କ୍ଷୀର ବାଲା , କ୍ଷୀର ବାଲା 
miscellaneous,ଏକ ଶୀତୁଆ ସକାଳ , ଗଚେକ୍‌ ଶୀତ୍‌ ଦିନର ସାକାଲ
miscellaneous,ଚତୁଦିଗ , ସବୁବାଟେ 
miscellaneous,କୁହୁଡ଼ି ଭରି , କୁହୁଡ଼ି ଭରତି 
miscellaneous,ବେଙ୍ଗ , ବେଙ୍ଗଟି 
miscellaneous,ସଙ୍ଗୀତ , ଗୀତ 
miscellaneous,ଏକାଠି ହୋଇଛନି  , ଳଟେକ୍‌ ହେଲା ଆଚତି 
miscellaneous,ଉଭାବନ , ବନାୟବାଟା 
miscellaneous,ଅଭ୍ୟାସ , ଅଭ୍ୟାସ୍‌ 
miscellaneous,କଇଁଚର ମର୍ଦଳ , କଚିମର ବାଜା 
miscellaneous,ହାମିମନିୟମ ,  ହାରମେନୀ 
miscellaneous,ଢୋଲକି , ଡଲକି 
miscellaneous,ଶବ୍ଦ , ଶବଦ 
miscellaneous,କମ୍ମି ଉଠିବା , କମ୍ପ ଉଠସି 
miscellaneous,ଆଖଡ଼ା ଘର , ଆଖଡ଼ା ଘର 
miscellaneous,କଣ୍ଠରୁପ , କଣ୍ଠନାଲା 
miscellaneous,ଖରାଦିନ , ଖାରାଦିନ 
miscellaneous,ପାଗ ଗରମ ,  ପାଗ ତପତ 
miscellaneous,ଘଡ଼ ଘଡ଼ି ହେବ , ଘଡ଼ଘଡ଼ି ହେୟସି 
miscellaneous,ଝାଳ ବହିବା , ଝାଲ୍‌ ଭାରସି 
miscellaneous,ମଧ୍ଧ , ମିଶା 
miscellaneous,ସ୍ଫ୍ାନ , ଜାଗା 
miscellaneous,ନିଃଶବ୍ଦରେ , ଚିମରା ହେଇ 
miscellaneous,ଆକାଶ , ସରଗ୍‌ 
miscellaneous,କଳା ହାଣ୍ଡିଆ , କାଲା ହାଣ୍ଡିଆ 
miscellaneous,ବିଜୁଳି ଚମକୁ ଥାଏ , ବିଜଳି ଚମକତେରଲା 
miscellaneous,ଘଡ଼ଘଡ଼ିଶବ୍ଦ , ଘଡ଼ଘଡ଼ି ସାଉଣ୍ଡ 
miscellaneous,ପୃଥୁବୀ ଥରି ଉଠିଲା , ଧରତନୀ ଥରିଗାଲା 
miscellaneous,ନିଦ ଭାଙ୍ଗିଲା , ଝୁମରା ଛାଡ଼ଲା 
miscellaneous,କିନ୍ତୁ , ମାତର 
miscellaneous,ବୁି ମାନ , ଚାଲାକି 
miscellaneous,ଚାରି ଆଡ଼କୁ , ଚାର୍‌ ବାଟେ 
miscellaneous,ଚାହିଁଲ , ଦେଖଲା 
miscellaneous,ଗୋଟିଏ ପଟ , ଗଟେକ୍‌ ବାଟେ 
miscellaneous,ଧୀରେ , କାଲାସେ 
miscellaneous,ସୂର୍ଯ୍ୟ ଉଦୟ ହେଉଛି, ବେଲ ଉଦ୍‌ଲାନୀ 
miscellaneous,ଛିଡ଼ା ହେଲେ , ଠିଆ ହେଲାୟେ 
miscellaneous,ପଛପଟ , ପଚବାଟେ 
miscellaneous,ଡାହାଣହାତ , ବୁଜନିହାତ୍‌ 
miscellaneous,ବାମ ହାତ , ଡେବରୀ ହାତ 
miscellaneous,ପହଞ୍ଚିଗଲା , କେଟିଗାଲା 
miscellaneous,ବାଘ ମାମୁଁର ବହାଘର, ବାଘ୍‌ ମାମୁର ବିବା ଘର 
miscellaneous,ସଙ୍ଗୀତ ଦଳ , ଗୀତ କୁଡ଼ିୟା 
miscellaneous,ଖାଣ୍ଢିଗୁଆଘିଅ , ନିକ ଗାୟ ଘି 
miscellaneous,ମିଠା , ଖାଜା/ ପିଟା 
miscellaneous,କ୍ଷୀରୀ , କ୍ଷୀରୀ 
miscellaneous,ମନ ଭରି , ମନ ସରଦା କରି 
miscellaneous,ଉଭିଦର ଚେର , ଗଛର ଚେର 
miscellaneous,ଖରାପ , ନସଲ 
miscellaneous,ପୂର୍ବ ଭଳି , ଆଗର ପାରା 
miscellaneous,ବର୍ଷାରତୁ , ବର୍ଷାଦିନ 
miscellaneous,ଶୀତ ରତୁ , ଶୀତ ଦିନ 
miscellaneous,ମୁକ୍ତାପୁର , ମୁକ୍ତାପୁର 
miscellaneous,ପ୍ରାୟ ଶହେ ଘର , ପାଖାପାଖୁ 
miscellaneous,ବ୍ୟକ୍ତି , ଲୋକ୍‌ 
miscellaneous,ନାତୁଣୀ , ନାତନୀ 
miscellaneous,ଜେଜେ , ଦାଦା 
miscellaneous,ଡେରିରେ ଅସ୍ତ ଯାଆନି , ବେଲାକେ ବୁଡ଼ସି 
miscellaneous,ଗଛପତ୍ର , ଗଚ ପତର 
miscellaneous,ଅଧ୍‌କ ଗରମ , ଜବର ତପତ 
miscellaneous,ଗରମ ପବନ , ତପତ ପବନ 
miscellaneous,ବର୍ଷାହୁଏନାହିଁ , ବର୍ଷା ନାହେ 
miscellaneous,ମାଟି ଶୁଖୁଯାଏ , ମାଟି ଶୁଖୁଗାଲା 
miscellaneous,ଜମି , ବେଡ଼ା 
miscellaneous,ହଳ , ହଲ୍‌ 
miscellaneous,ସପୁରି , ଲାଙ୍କା ଫନସ୍‌ 
miscellaneous,ଜାମୁ କୋଳି , ଜାମକଲି 
miscellaneous,ମଲ୍ଟୀ , ମଲ୍ଲୀ 
miscellaneous,ମାଳତୀ , ମାଲ୍ତୀ 
miscellaneous,ଟଗର ଫୁଲ , ଟଗର ଫୁଲ 
miscellaneous,ରଜ ପର୍ବ , ରଜ ପରବ୍‌ 
miscellaneous,ଚାରିଆଡ଼େ କାଦୁଅପଚପଚ , ସବୁବାଟେ କାଦ ପଚପଚା ¦
miscellaneous,ଝଡ଼ିବର୍ଷା , ଝଡ଼ିପାନି 
miscellaneous,ନଇଁବଢି , ପୁରପାନି 
miscellaneous,ଅସୁବିଧା , କାକୁରତି 
miscellaneous,କାଗଜତଡଙ୍ଗା , କାଗଜ ଡଙ୍ଗା 
miscellaneous,ସେମିତି କହନା , ସେନତି ନାକ 
miscellaneous,ମରୁଡ଼ି , ମରଡ଼ି 
miscellaneous,ଧାନବୁଣାହୁଏ , ଧାନ୍‌ ବୁଣାଯାୟସି 
miscellaneous,ଭେଣ୍ଡି , ଭେଣ୍ଡି 
miscellaneous,ଜହ୍ନି , ଜନି 
miscellaneous,ସାରୁ , ସାରୁକାନ୍ଦା 
miscellaneous,ସବୁଜ ପରିବା , କାଗପତ୍ରିୟା ଶାଗଡ଼ାଲ 
miscellaneous,ମଜା , ସାରଦା 
miscellaneous,ବସ୍ତା , ବାସ୍ତରା 
miscellaneous,ନିଆଁ , ଜୟ 
miscellaneous,ପକ୍ଷୀ , ଚେଡେ 
miscellaneous,ଅଞ୍ଚଳ , ଗୀ 
miscellaneous,ବେଶାଖ , ବୈଶାକ୍‌ 
miscellaneous,ପ୍ରଚଣ୍ଡ , ଅଧ୍‌କ 
miscellaneous,ଆଷାଢ , ଆଷାଢ 
miscellaneous,ଶ୍ରାବଣ , ଶାରାବନ 
miscellaneous,ଜଗତ , ଜଗତ 
miscellaneous,ଉତ୍ସବ , ପରବ 
miscellaneous,କଇଁଫୁଲ , କଇଁ ଫୂଲ 
miscellaneous,ଉଳଳ , ଉଳଳ 
miscellaneous,ବିଶ୍ବବିଦ୍ୟାଳୟ , ବଡ଼ ଇସ୍କୁଲ 
miscellaneous,ଫେରିଲା , ଲେଉଟଲା 
miscellaneous,ଯୁବକ , ଭେଣ୍ଡିଆ 
miscellaneous,ଚାକିରୀ , ଚାକରୀ 
miscellaneous,ପାହାଡ଼ , ପର୍ବତ 
miscellaneous,ପଡ଼ିଆ , ବାଟା 
miscellaneous,ଜାଗା , ଟାନ୍‌ 
miscellaneous,ଉଚ୍ଚ , ଢେପ୍‌ 
miscellaneous,ଛେଳି , ଛେଲି 
miscellaneous,ଚିକାର , କଲାର 
miscellaneous,ଝରଣା , ଝରନା 
miscellaneous,କଥାବାଉଭାଁ , କାତାବାରାଁ 
miscellaneous,ଗବର ଖତ , ଗବର ଖତ 
miscellaneous,ଉକୃଷ୍ଟ ସାର , ନିକ ଖତ 
miscellaneous,ଫସଲ୍‌ , ଚାଷ 
miscellaneous,ଆପଣ , ତମେ ତୁର 
miscellaneous,ବର , ବର 
miscellaneous,ଅଶ୍ଵତଥ , ପିପଲ ଗଛ 
miscellaneous,ଶାଳ , ଶାଲ୍‌/ ଶରଗି 
miscellaneous,ଦେବଦାରୁ , ଦେବଦାରୁ 
miscellaneous,ତେନ୍ତୁଳି , ତେତୁଲି 
miscellaneous,ଜାମୁ , ଜାମ୍‌ 
miscellaneous,ଖଜୁରୀ , ଖାଜ୍ରୀ 
miscellaneous,ଉପାୟ , ଉପାୟ 
miscellaneous,ବ୍ୟବହାର , ବେବାର 
miscellaneous,କୁକୁଡ଼ା , କୁକୁଡ଼ା 
miscellaneous,ଛେଳିଫାମ୍ମି , ଛେଲି ଫାରାମ 
miscellaneous,ତା ସହ , ତାର ସଙ୍ଗେ 
miscellaneous,ବିରି , ବିରି 
miscellaneous,ମୁଗ , ମୁଗ୍‌ 
miscellaneous,ସୋରିଷ , ସୋରିଷୁ 
miscellaneous,ଆଳୁ , ଆଲୁ 
miscellaneous,ବାଇଗଣ , ଆୟଗନ 
miscellaneous,କପା , କପା 
miscellaneous,ଚିତ୍ର , ବାନା 
miscellaneous,ଠାକୁରାଣୀ , ଠାକରାନୀ 
miscellaneous,ପୂଜା , ପୂଜା 
miscellaneous,ଅମାବାସ୍ୟା , ଅମାବାସ୍ଯା 
miscellaneous,ଦୀପାବଳୀ , ଦୀପାବାଲୀ 
miscellaneous,ପାଳନ , ମାନବାଟା 
miscellaneous,ପୂର୍ବପୁରୁଷ , ଆଗର ଲୋକ 
miscellaneous,ମୁସଲମାନ , ମୁସଲମାନ 
miscellaneous,ଉପବାସ , ଉପାସ 
miscellaneous,ବହୁତ , ଭୂତେକ 
miscellaneous,ଡିସେମ୍ଭର , ପୁସମାସ୍‌ 
miscellaneous,ଜନ୍ମ , ଜନମ 
miscellaneous,ରଥଯାତ୍ରା , ଗୁନଚା 
miscellaneous,ଆଷାଢ ମାସ , ଆଷାଡ଼ ମାସ 
miscellaneous,ପୁରୀ , ପୁରୀ 
miscellaneous,ବିଶ୍ବ ପ୍ରସିହ , ସାରା ଜଗତ୍‌ 
miscellaneous,ଗଣେଶ ପୂଜା , ଗଣେଶ ପୃଜା 
miscellaneous,ଦେବୀ , ମାତା 
miscellaneous,ମାଘମାସ , ମାଘ୍‌ ମାସ୍‌ 
miscellaneous,ମହାତ୍ନା ଗାନ୍ଧୀ , ମାତମା ଗାନ୍ଧୀ 
miscellaneous,ମସିହା , ବରଷ୍‌ 
miscellaneous,ଅକ୍ଟୋବର ମାସ , ଦଶରା ମାସ 
miscellaneous,ଭାରତ , ଭାରତ 
miscellaneous,ପ୍ରତି ବର୍ଷ , ସବୁବରଷ 
miscellaneous,ଗୁରୁ ଦିବସ , ଗୁରୁ ଦିବସ 
miscellaneous,ରାଷ୍ଟ୍ରପତି , ରାଷ୍ଟର ପତି 
miscellaneous,ଜାନୁୟାରୀ , ମାଘମାସ 
miscellaneous,କାର୍ଯ୍ୟ , କାମ୍‌ 
miscellaneous,ସାଧାରଣତନ୍ତ୍ର ଦିବସ, ସାଧାରଣ ତନ୍ତର ଦିନ୍‌ 
miscellaneous,ଜାତୀୟ ପର୍ବ , ମେନ ପରବା 
miscellaneous,ପତାକା , ଦେଣ୍ଡା 
miscellaneous,ସଙ୍ଗୀତ , ଗୀତ 
miscellaneous,ମହାନ୍‌ , ବଡ଼ଟା 
miscellaneous,ସବୁ ସ୍ଫ୍ରାନରେ , ସବୁ ଜାଗାୟେ 
miscellaneous,ଗୀ ଗହଳି , ଗୀଗଲି 
miscellaneous,ସକାଳ , ସକାଲ 
miscellaneous,ଅଗଷ୍ଟ ମାସ , ବର୍ଷା ମାସ 
miscellaneous,ଭିତରେ , ଭିତରେ 
miscellaneous,ଆଗ୍ରହ , ଇଛା 
miscellaneous,କୃଷ୍ଠ ଚନ୍ଦ୍ର , କୃଷ୍ଠ ଚନ୍ଦର 
miscellaneous,ଅତିଥ , ଗତ୍ଯା 
miscellaneous,ରଙ୍ଗିନ୍‌ କାଗନ , ରଙ୍ଗ କାଗଜ୍‌ 
miscellaneous,ସ୍ତରର , ଚିମରା 
miscellaneous,ଠିକ ସମୟ , ଠିକ୍‌ ବେଲ 
miscellaneous,ଉତ୍ତୋଳନ , ଉଭୋଳନ 
miscellaneous,ଛିଡ଼ା ହେଲେ ,  ଠିଆଁ ହେଲାୟ 
miscellaneous,ସଙ୍ଗୀତ ଗାଇଲେ , ଗୀତ ଗାୟଲାୟ 
miscellaneous,ଭାଗ୍ୟ , କରମ 
miscellaneous,ବିଧାତା , ମାପ୍ର 
miscellaneous,ସିନ୍ଧୁ , ସମୁଦ୍ର 
miscellaneous,ଶୁଭ , ଶୁଭ୍‌ 
miscellaneous,ଯମୁନା , ଯମୁନା 
miscellaneous,ଇଂରେଜ ମାନେ, ଇଂରେଜମନ 
miscellaneous,ଶାସନ , ଶାସନ 
miscellaneous,ତିନୋଟି ରଙ୍ଗ, ତିନିଟା ରଙ୍ଗ 
miscellaneous,ସାସର ପ୍ରତୀକ,ସାହାସର ପ୍ରତୀକ 
miscellaneous,ଧଳା ରଙ୍ଗ , ଧବଲା ରଙ୍ଗ 
miscellaneous,ଶାନ , ଚିମରା 
miscellaneous,ସବୁଜ ରଙ୍ଗ , କାଗ ପତରିଆ 
miscellaneous,ମଝିରେ , ମଝିଲଗେ 
miscellaneous,ଚକ୍ର , ଚକା 
miscellaneous,ନୀଳ ରଙ୍ଗ , ନୀଲିଆ ରଙ୍ଗ 
miscellaneous,ଶିଶୁ , ପିଲା 
miscellaneous,ଉନ୍ନତି , ଉପକାର 
miscellaneous,ଆବଶ୍ଯକ , ଦରକାର 
miscellaneous,ଦେଶ , ଦେଶ 
miscellaneous,ଲଢିବା , ଲାଗବାର 
miscellaneous,ମା , ଆଯା 
miscellaneous,ଶୁଆଇ ଦେବ , ଶୁଆଯସି 
miscellaneous,କୋଳେ ଧରିବ , କଲେ ଧାରସି 
miscellaneous,ଗେଲ କରିବା , ଲାଡ଼ କରସି 
miscellaneous,ହସେଇ ଦେବ , ହସାୟସି 
miscellaneous,ଗପ , କାତାନୀ 
miscellaneous,ବୂଝେଇ ଦେବ , ବୁଝାୟସି 
miscellaneous,ବିଛଣା , ଅଚନା 
miscellaneous,ପେଷକ ଫିଵଇ ଦେବ,ଡେରେସ୍‌ ପିନ୍ଦାୟ ଦେଇସି
miscellaneous,ଦେଖାଇଦେବ , ଦେଖାଯସି 
miscellaneous,ବହିବସ୍ତାନୀ , ପାଟାମୁଣା 
miscellaneous,ଅନେଇ ଥୁବ ,  ଦେଖ ତେ ରେସି
miscellaneous,ଦୁନିଆ , ଦୁନିଆଁ 
miscellaneous,ଗଛ , ଗଛ 
miscellaneous,ସାପ , ସାପ୍‌ 
miscellaneous,ଚଢେଇ , ଚେତେ 
miscellaneous,କଣେଇ , ପୁତଲା 
miscellaneous,ଜହ୍ଣ , ଜନ 
miscellaneous,କଇଟ , କଚିମ 
miscellaneous,ପତ୍ର , ପତର 
miscellaneous,ଠେକୁଆ , ଖାଡ଼ା 
miscellaneous,ରାସ୍ତା , ସଡ଼କ 
miscellaneous,ଘର , ଘର 
miscellaneous,ସ୍ତ୍ଵୀ ,  ମାଇଜୀ 
miscellaneous,କୂକୁର , କୁକୁର 
miscellaneous,ସ୍ତ୍ରୀ ଜଣେ ପାରି ନେଉଛି, ମାଇଜୀ ଗଟେକ 
miscellaneous,ଝାଡ଼ୁ କରୁଛି , ବାଡ଼ାନ୍‌ ଲାନୀ 
miscellaneous,ରୋଷେଇ କରୁଛି , ରାନ୍ଦଲାନି
miscellaneous,ଦେଶ , ଦେଶ୍‌ 
miscellaneous,ଜନମ , ଜନମ୍‌ 
miscellaneous,କୋଳେ ,  କୋଲେ 
miscellaneous,ବଡୁଛି ମୁହିଁ , ବାଡଲିନି ମୁଇଁ 
miscellaneous,ଜନନୀ , ଆଯା 
miscellaneous,ପାଳୁଛି , ପଶଲାନି 
miscellaneous,ଜନମ ଭୂଇଁ , ଜନମ୍‌ ମାଟି 
miscellaneous,ଶ୍ୟାମଳ ତରୁ , କାଗ ପତରିଆ ଗଛ 
miscellaneous,ଲତା , ମାଲ୍‌ 
miscellaneous,ଡାଳରୁ ଡାଳେ , ସେନ୍ଦାକେ ଖେନ୍ଦା 
miscellaneous,ବିହଙ୍ଗ , ଚଡ଼େ 
miscellaneous,ମଧୁର , ସୁଆଦ୍‌ 
miscellaneous,ତାରକା , ତାରା 
miscellaneous,ଜୋଛନା , ଜନ୍‌ ଉଦଲ୍‌ 
miscellaneous,ଦଳେ , ଗଟେକ୍‌ ମାନ୍ଦା 
miscellaneous,ପିଲାମାଙ୍କଡ଼ , ସାନ୍‌ସାନ୍‌ ମାଙ୍କଡ଼୍‌ 
miscellaneous,ଜଣେ , ଗଟେକ୍‌ 
miscellaneous,ଗଲ , ଯୁବେ 
miscellaneous,କେମିତି , କେମିତା 
miscellaneous,ସମସ୍ତେ , ସବୁ ସର୍‌ତେ 
miscellaneous,ଉପାୟ , ଯଜନା ପାଞ୍ଚବାଟା 
miscellaneous,ଆଗ , ଆଗତୁ 
miscellaneous,ବ୍ୟସ୍ତ ,  ତାନ୍ଦର / ଗାବରା 
miscellaneous,ଚିନ୍ତା , ଚିନ୍ତା 
miscellaneous,ଗଲା , ଗାଲା 
miscellaneous,ଅନ୍ୟମାନେ , ଭିନ୍ନଲୋକ ମନ୍‌ 
miscellaneous,ବୋଧହୁଏ , ହେଲେ ହେଇରେସି 
miscellaneous,ଡରିଗଲା , ଡରିଗାଲା 
miscellaneous,ଜୁତୁବୁହୁ , ବୁଟୁକୁଟା 
miscellaneous,କିଛି , କେତେକ୍‌ 
miscellaneous,ସମୟ , ବେଲ୍‌ 
miscellaneous,ପୁଣି , ଆରି 
miscellaneous,ବାରମ୍ଭାର , ବେଶିଥର / ବାରବାର 
miscellaneous,ପାଖରେ , ଲଗେ 
miscellaneous,ପୁଣି , ଆରି 
miscellaneous,ଇଛା , ମନକେ ଯିବାଟା 
miscellaneous,ଧରିବା , ଦାରବାଟା 
miscellaneous,ନୁଆ , ନୂଆଁ 
miscellaneous,ଚୁପ୍‌ଚୁପ୍‌ , ଦିରେ ଦିରେ 
miscellaneous,ସ୍ମଵିରକଲେ , ବିଚାର କଲେ 
miscellaneous,ଫେରିଲା , ବାଉଡ଼ଲା 
miscellaneous,ପଚାରିଲା , ପଚର୍‌ଲା 
miscellaneous,ପାଳନ ,। ମାନ୍୍‌ବାଟା 
miscellaneous,ଫୋଟ ଚିତ୍ର , ଫଟ 
miscellaneous,ବିଷୟ , ବିଷୟ 
miscellaneous,କାହାଣୀ , କାତାନୀ 
miscellaneous,ଶୁଣାଇଲେ , ଶୁନାଇଲାୟେ 
miscellaneous,ମଜା , ସରାଦା 
miscellaneous,ପିଲାଦିନର , ସାନବେଲର 
miscellaneous,ଚମଳାର , କାବା କରିବାଟା 
miscellaneous,ଘଟଣା , ଘଟନା 
miscellaneous,ବଡ଼ଦିନ୍‌ , ପରବଦିନ୍‌ 
miscellaneous,ଖୁବ୍‌କମ୍‌ , ବେଶିକମ୍‌ 
miscellaneous,କହୁଛି , କୟଲିନି 
miscellaneous,ଶୁଣ , ଶୁନ୍‌ 
miscellaneous,ଥରେ , ଗଟେକ୍‌ ଥର୍‌ 
miscellaneous,ବେମାର , ରୋଗ୍‌ 
miscellaneous,କିଛିବି , କାୟାଟା ମିଶା 
miscellaneous,ସଫଳ , କାମ ହେବାଟା 
miscellaneous,ଚିନ୍ତିତ , ଚିନ୍ତା 
miscellaneous,କିଛିଟା , କେତ୍ଟା 
miscellaneous,ଉପକାର , ଉପକାର 
miscellaneous,ଉପଦେଶ , କହିବାଟା 
miscellaneous,ମନସ୍ତ , ମନ ଲାଗାୟ କରି 
miscellaneous,ବନ୍ଦ କରି ଦିଅ , ତାପି ଦିଆସ 
miscellaneous,ଧେତ୍‌ , ଧେତ୍‌ 
miscellaneous,ବିନା , ତାର ଛଡ଼ା 
miscellaneous,ସୁସ୍ଵାଦ , ସୁଆଦ 
miscellaneous,ଅବୁଝା , ଅବୁଜା 
miscellaneous,ଖରାପ , ବାୟା 
miscellaneous,ଛାଡ଼ି ଦେଲେ , ଛାଡ଼ି ଦେଲାୟେ 
miscellaneous,ଆରୋଗ୍ଯ , ରୋଗବଛାଡ଼ବାଟା 
miscellaneous,ଶୁଖାଇ , ଶୁକାୟଲାଟା 
miscellaneous,ଯଦି , ସରି 
miscellaneous,ଠିକ୍‌ , ନିକ 
miscellaneous,କଥା , କାତା 
miscellaneous,ପର , ଭିନ୍ଲୋକ୍‌ 
miscellaneous,ଅନ୍ୟ , ଭିନଲୋକ୍‌ 
miscellaneous,ଉଚିତ୍‌ ,  ଠିକ୍‌ ହେବା କାତା 
miscellaneous,ଉପରେ , ଉପରେ 
miscellaneous,କାର୍ଯ୍ୟକାରୀ , କାମେ ଲଗାୟ ବାଟା 
miscellaneous,ଏଥର , ଏଥର 
miscellaneous,ଜିନିଷ , ସାମାନ୍‌ 
miscellaneous,ଗୋଟିଏ ବର୍ଷ , ଗଟେକ ବରଷ୍‌ 
miscellaneous,ବାରଣ , ମନା 
miscellaneous,ସତକୁ ସତ , ସତ୍କେ ସତ୍‌ 
miscellaneous,ମୁହୁଉଁ , ସେଢ଼େକ ବେଲା 
miscellaneous,ଗ୍ରହଣ , ନେଲା 
miscellaneous,ଆଚରଣ , ଗଲି ଚଲନ୍‌ 
miscellaneous,ଏଣିକି , ଏଥର 
miscellaneous,ଶୀଘ୍ର , ବେଲାବେଲି 
miscellaneous,ସୁସ୍ , ନିମାନ୍‌ 
miscellaneous,ଅନ୍ଯମାନେ , ଅଲଗା ଲୋକମନ୍‌ 
miscellaneous,ପକାଇବ , ପକାୟସି 
miscellaneous,ବିଚାର , ଭାବଲା 
miscellaneous,ସଂକଳ୍ପ , ପରମାନ୍‌ 
miscellaneous,ଉଠିଲେ , ଉଠଲା 
miscellaneous,ଏମିତିକା , ଏନ୍‌ତିଟା 
miscellaneous,ସେଥୁପାଇଁ , ସେଟା ଲାଗି 
miscellaneous,ମଣିଷ , ନର୍‌ 
miscellaneous,ସଂଗ୍ରାମ ବେଳେ , ଲାଗାଲାଗି ହେଲା ବେଲେ
miscellaneous,ଏକ୍ଜୁଟ ,  ଗଟେକ ଲଗେ 
miscellaneous,ସମଗ୍ର , ସବୁବାଟେ 
miscellaneous,ଚାଲୁଥ୍‌ଲେ , ଚାଲତେରେଲାଯେ 
miscellaneous,ଭାସିଯାଆ , ଦଅଲି ଯାଆ 
miscellaneous,ଝିପିଝିପି , ଝିପରି ଝିପରି 
miscellaneous,ବରଷଇ , ପାନିଆଇଲାନି 
miscellaneous,ଚମକେ , ଚମକଲାନି 
miscellaneous,ଘଡ଼ ଘଡ଼ି , ବାଦଲ ଗରଜ ବାଟା 
miscellaneous,ପଡ଼େ , ଅଦରିଲାନି 
miscellaneous,ଫଟକା , ଫୁଟକା 
miscellaneous,ଅସୁମାରି , ଭୁତେକ୍‌ 
miscellaneous,ପାଣିରେ , ପାନିଲଗେ 
miscellaneous,ଡରି ଯିବୁ ନାହିଁ , ନାଡର୍‌ 
miscellaneous,ଝୂଲିଝଲି , ହୋଲି ହୋଲି 
miscellaneous,ଦୂର , ଦୂରକେ 
miscellaneous,ମେଲାଇ , ମେଲବାଟା 
miscellaneous,ଦରିଆ , ସମଦୂର 
miscellaneous,ସାଧବ , ବେପାରୀ 
miscellaneous,ଝଡ଼ତୋଫାନ୍‌ , ପାନି ପବନ 
miscellaneous,ତିଳେ , ଖଣ୍ଡେକ୍‌ 
miscellaneous,ତାଙ୍କର , ତାକରଟା 
miscellaneous,ଆସୁଥୁଲେ , ଆସ୍‌ତେରେଲାୟେ 
miscellaneous,ଫେରି , ଲେଉଟି 
miscellaneous,ସାରି , ସରାଇକରି 
miscellaneous,କାରବାର , କାର୍‌ବାର 
miscellaneous,ଭରି , ପୁରାଇବା 
miscellaneous,ଦଉଲତ , ସଂଖଂଭି 
miscellaneous,ମିଳିମିଶି , ମିଶିକରି 
miscellaneous,ମୁଣ୍ଡେ , ମୁଣ୍ଡେ 
miscellaneous,ଶୁଭ , ଶୁଭ 
miscellaneous,ନାରିକେଳ , ନଡ଼ିଆ 
miscellaneous,ଜଳ , ପାଦି 
miscellaneous,ଜାଳି , ଲାଗାଇ କରି 
miscellaneous,ଯାଉଛି , ଗାଲାନି 
miscellaneous,କାଳ , ମରବାଟା 
miscellaneous,ଏବେ , ଏବର 
miscellaneous,ନୂଆ , ନୂଆଁ 
miscellaneous,ବେଳା , ବେଲା 
miscellaneous,ଆସିଛି , ଆଇଲାଆଚେ 
miscellaneous,ଭେଳା ଭେଳା , କୁଢ଼ା କୁଡ଼ା 
miscellaneous,ଅଟକି ଗଲୁକି , ଥେବିଗାଲୁସକି 
miscellaneous,ବିଦାୟ , ଗାଲା 
miscellaneous,ଦେଉଛି , ଦେଲାନି 
miscellaneous,ତୋତେ , ତକେ 
miscellaneous,ହସିହସି , ହାସି ହାସି 
miscellaneous,ଏଇ , ଏ 
miscellaneous,ଗଢ଼ିଛି , ବନାୟଲା ଅଛି 
miscellaneous,ତୋଳାଇବାକୁ , ବନାଇବାକେ 
miscellaneous,ବଛାଗଲା , ବାଚ୍‌ଲାୟେ 
miscellaneous,ସିମେଣ୍ଟ , ସିମେଣ୍ଟ 
miscellaneous,ଚୂନ , ଚୂନ୍‌ 
miscellaneous,ଢୋଳା , ବନାଇବାଟା 
miscellaneous,ଦଧ୍‌ନଉତି , ଦେଉଳମୁଣ୍ଡ 
miscellaneous,କଟାହେବ , ପୂକାବାୟେ 
miscellaneous,ଏକୁଟିଆ , ଏକଟା 
miscellaneous,ଭରସା , ବିଶାସ୍‌ 
miscellaneous,ଖେଳିଛି , ଖେଲଲି ଆଚି 
miscellaneous,ସାଥେ , ସଙ୍ଗେ 
miscellaneous,ବାଟଯାକ , ବାଟ୍‌ଯାକ 
miscellaneous,ଦୁଇଜଣ ,  ଦୁଇଲୋକ 
miscellaneous,ଖୁବ୍‌ , ଜବର 
miscellaneous,ପାଖାପାଖି , ଲଗେ ଲଗେ 
miscellaneous,ସକାଳୁ , ସାକାଲେ 
miscellaneous,ଉଠିଲେ ,  ଉଠଲାୟ 
miscellaneous,ଦେଖାଦେଖି ,  ଭେଟ୍‌ଘାଟ୍‌ 
miscellaneous,ବିପଦ ଆପଦରେ , ଦୁଃଖ୍‌ ସୁଖରେ 
miscellaneous,କାନ୍ଧକୁ କାନ୍ଧ , କାନ୍ଦ୍କେକାନ୍ଦ୍‌ 
miscellaneous,ଯାନି ଯାତ୍ରା , ବଜାର ଯାତ୍ରା 
miscellaneous,ପୁନେଇ , ପୁନି 
miscellaneous,ମିଶି ପାଳନ୍ତି , ମିଶି ମାନବାୟେ 
miscellaneous,ଦୁହେଁ ,  ଦୁଇଲୋକ୍‌ 
miscellaneous,ଗୋଟିଏ ଶ୍ରେଣୀ ,  ଗୋଟେକ୍‌ ବଖରା 
miscellaneous,ପାଖାପାଗିବସନ୍ତି , ଲଗେ ଲଗେ ବସ୍‌ ବାଯେ
miscellaneous,ଏକାଠି ,  ଗୋଟେକ ଲଗେ 
miscellaneous,ବୁଲନି ,  ବୁଲବାୟେ 
miscellaneous,ଗଳିଥାଏ , ପଶଲାନି 
miscellaneous,ସଉକରେ , ଲାଡ଼ରେ 
miscellaneous,ପ୍ରଥମେପ୍ରଥମେ , ପରତୁମ୍‌ ପରଜୁମ 
miscellaneous,ସହିବ , ସୟସି 
miscellaneous,ଜବତ , ଜବତ୍‌ 
miscellaneous,ନେହୁରା , କାକୁଉଭାଁ 
miscellaneous,ପ୍ରକୃତି , ପରକୁୃତି ଗୁପ୍‌ 
miscellaneous,କେଉଁଠୁ , କନତି ଥାନୁ 
miscellaneous,ସୁଯୋଗ ଉଣ୍ଡି , କଲିଆ ଯଗଲା 
miscellaneous,ରାଗିଗଲା , ରିଶାହେଲା 
miscellaneous,ପାନେ ,  ଗଚେକ୍‌ ଦେବି 
miscellaneous,ଛକି , ଜାଗି 
miscellaneous,ପାହାରେ ,  ପଟ୍‌ ଠେଙ୍କ 
miscellaneous,ଆଇଲା , ପଲାଇଲା 
miscellaneous,କଜିଆ , କାଲ୍‌କଲ୍‌ 
miscellaneous,ପରିବାର , କୁଟୁମ୍‌ 
miscellaneous,ଭିତରେ , ଭିତରେ 
miscellaneous,କଥାବାର୍ଭା , କାତାବାଉଭାଁ 
miscellaneous,ମନା , ନାକରବଲବାଟା 
miscellaneous,ଆଗପରି , ଆଗତୁପାରା 
miscellaneous,ଦିନକର , ଗୋଟେକ୍‌ ଦିନର 
miscellaneous,ନଇଁକୁଳ , ଗାଡ଼ ପାଲିକେ 
miscellaneous,ଧପ୍‌ , ଧପ୍‌ 
miscellaneous,ବୁତୁଛି ଆଉ ଉଠୁଛି , ବୂଡ଼ାଲାନି ଆରି ଉଠଲାନି
miscellaneous,ହାଲୁକା , ଉସାପ୍‌ 
miscellaneous,ଶିଆଲି ଲଟା , ଶିଆଲିଲାଟା 
miscellaneous,ସେଥୁରୁ , ସିଥାନୁ 
miscellaneous,ଦାନ୍ତରେ , ଦାତେ 
miscellaneous,ଛିଡ଼ାଇ , ଛିଡ଼ାଲା 
miscellaneous,ଆଡ଼କୁ ବାଟେ , ତୁଇ ତାର 
miscellaneous,ଧରିପକା , ଧେରିପାକା 
miscellaneous,ଜୋର , ଅଧୁକ 
miscellaneous,ଟାଣିଲା , ଝିକଲା 
miscellaneous,ପାଟି କରୁଥାଏ , କଲାର୍‌ ହେଲାନି 
miscellaneous,ଧଇଁସଇଁ , ଫରଫର 
miscellaneous,ତଥାପି , ହେଲେ ମିଶା 
miscellaneous,ଲାଗିଗଲେ , ମିଶ୍‌ଲାଏ 
miscellaneous,ଆଣିଲେ ,  ଆନଲାୟେ 
miscellaneous,ସେତେବେଳେ , ସେଡ଼କିବେଲା 
miscellaneous,ଖବର , ଖବର୍‌ 
miscellaneous,ସେଠାକୁ , ସେଥାନେ 
miscellaneous,ମିଶିବାକୁ , ମିଶ୍ବାକେ 
miscellaneous,ବଞ୍ଚାଇଲା , ଜିଆଇଲା 
miscellaneous,ଲାଜରେ , ଲାଜକେ 
miscellaneous,ନଇଁ ଗଲା , ନୁଇଁ ଗାଲା 
